track,sample,outcome,spec_id,spec_label,hypothesis_family,weight_status,weight_column,sample_n,folds,nuisance_learner,engine_impl,x_block_id,x_exclude_columns,x_feature_count,treatment,estimate,std_error,ci_low,ci_high,p_value,outcome_oof_r2,treatment_oof_r2,mean_treatment_oof_r2,final_model_r2,condition_number,p_value_adj_bh,p_value_adj_holm,significant_bh_0_05,significant_holm_0_05,source_path,dof_assumed,t_statistic,partial_r2,partial_f2,rv_q,rv_qa,rv_q_pct,rv_qa_pct,sensitivity_method,sensitivity_notes
track1_per_cell,main,share_joint_Injury_composed,joint_continuous,Joint continuous treatments,H3,unweighted,,633,5,lightgbm_regressor,crossfit_plr_residual_ols_hc3_v1,primary,,30,age_at_first_exposure,0.015679504872884,0.0177417924698985,-0.019093769389301,0.050452779135069,0.3768252246632525,-0.1322453155651068,0.995908135794145,0.1532454082284388,0.0029406301662792,3362.755842718917,0.8869729811452898,1.0,0,0,models/causal_estimates_v1/track1_per_cell_v1/track1_per_cell_estimates_v1.csv,631.0,0.8837610348270353,0.001236240920797002,0.0012377711040864538,0.034568528723702883,0.0,3.4568528723702885,0.0,cinelli_hazlett_numeric_minimal_reporting_v1,"Computed from estimate, standard error, and assumed final-stage dof = sample_n - 2 using the sensemakr numeric formulas."
track1_per_cell,main,share_joint_Injury_composed,joint_continuous,Joint continuous treatments,H3,unweighted,,633,5,lightgbm_regressor,crossfit_plr_residual_ols_hc3_v1,primary,,30,total_days_incarcerated,-8.147722593650173e-06,9.668611480263626e-06,-2.709785287547738e-05,1.0802407688177032e-05,0.3993971903402766,-0.1322453155651068,-0.2171682621380317,0.1532454082284388,0.0029406301662792,3362.755842718917,0.8869729811452898,1.0,0,0,models/causal_estimates_v1/track1_per_cell_v1/track1_per_cell_estimates_v1.csv,631.0,-0.8426983140528485,0.001124155531211389,0.0011254206790927309,0.03298929887032009,0.0,3.2989298870320085,0.0,cinelli_hazlett_numeric_minimal_reporting_v1,"Computed from estimate, standard error, and assumed final-stage dof = sample_n - 2 using the sensemakr numeric formulas."
track1_per_cell,main,share_joint_Injury_composed,joint_continuous,Joint continuous treatments,H3,unweighted,,633,5,lightgbm_regressor,crossfit_plr_residual_ols_hc3_v1,primary,,30,severity_index_v2,-0.0038321054926864,0.0297296324429734,-0.0621011143545279,0.054436903369155,0.8974379512124105,-0.1322453155651068,-0.3190036489707968,0.1532454082284388,0.0029406301662792,3362.755842718917,0.9813174645123344,1.0,0,0,models/causal_estimates_v1/track1_per_cell_v1/track1_per_cell_estimates_v1.csv,631.0,-0.12889851564889152,2.6330253350038658e-05,2.6330946650534915e-05,0.005118220302488395,0.0,0.5118220302488395,0.0,cinelli_hazlett_numeric_minimal_reporting_v1,"Computed from estimate, standard error, and assumed final-stage dof = sample_n - 2 using the sensemakr numeric formulas."
track1_per_cell,main,share_joint_Injury_discomposed,joint_continuous,Joint continuous treatments,H3,unweighted,,633,5,lightgbm_regressor,crossfit_plr_residual_ols_hc3_v1,primary,,30,age_at_first_exposure,-0.0240724681100767,0.0216633730818141,-0.0665318991340868,0.0183869629139334,0.2664797297087469,-0.3100013410058182,0.995908135794145,0.1532454082284388,0.009374078192841,3362.755842718917,0.8557377235717505,1.0,0,0,models/causal_estimates_v1/track1_per_cell_v1/track1_per_cell_estimates_v1.csv,631.0,-1.1112059058930661,0.001953038028204759,0.0019568598499074955,0.04326879795460432,0.0,4.326879795460432,0.0,cinelli_hazlett_numeric_minimal_reporting_v1,"Computed from estimate, standard error, and assumed final-stage dof = sample_n - 2 using the sensemakr numeric formulas."
track1_per_cell,main,share_joint_Injury_discomposed,joint_continuous,Joint continuous treatments,H3,unweighted,,633,5,lightgbm_regressor,crossfit_plr_residual_ols_hc3_v1,primary,,30,total_days_incarcerated,-4.771095829450816e-06,9.023708593748127e-06,-2.2457239680181727e-05,1.2915048021280096e-05,0.596993502265031,-0.3100013410058182,-0.2171682621380317,0.1532454082284388,0.009374078192841,3362.755842718917,0.9639398661248416,1.0,0,0,models/causal_estimates_v1/track1_per_cell_v1/track1_per_cell_estimates_v1.csv,631.0,-0.5287289344379275,0.000442837541963485,0.00044303373393322687,0.020828015281173343,0.0,2.082801528117334,0.0,cinelli_hazlett_numeric_minimal_reporting_v1,"Computed from estimate, standard error, and assumed final-stage dof = sample_n - 2 using the sensemakr numeric formulas."
track1_per_cell,main,share_joint_Injury_discomposed,joint_continuous,Joint continuous treatments,H3,unweighted,,633,5,lightgbm_regressor,crossfit_plr_residual_ols_hc3_v1,primary,,30,severity_index_v2,-0.0221011505876207,0.0227672860790172,-0.0667242113282147,0.0225219101529732,0.3316769953171734,-0.3100013410058182,-0.3190036489707968,0.1532454082284388,0.009374078192841,3362.755842718917,0.8869729811452898,1.0,0,0,models/causal_estimates_v1/track1_per_cell_v1/track1_per_cell_estimates_v1.csv,631.0,-0.9707415504384413,0.001491179019597861,0.0014934059552260365,0.037905121307442564,0.0,3.7905121307442564,0.0,cinelli_hazlett_numeric_minimal_reporting_v1,"Computed from estimate, standard error, and assumed final-stage dof = sample_n - 2 using the sensemakr numeric formulas."
track1_per_cell,main,share_joint_Rupture_composed,joint_continuous,Joint continuous treatments,H3,unweighted,,633,5,lightgbm_regressor,crossfit_plr_residual_ols_hc3_v1,primary,,30,age_at_first_exposure,-0.0079401250458275,0.0226305136066118,-0.0522951166664303,0.0364148665747752,0.7256939436603291,-0.1604087221023438,0.995908135794145,0.1532454082284388,0.0074565142415943,3362.755842718917,0.9813174645123344,1.0,0,0,models/causal_estimates_v1/track1_per_cell_v1/track1_per_cell_estimates_v1.csv,631.0,-0.350859250649428,0.00019505261863252547,0.00019509067157888772,0.013870281505613695,0.0,1.3870281505613695,0.0,cinelli_hazlett_numeric_minimal_reporting_v1,"Computed from estimate, standard error, and assumed final-stage dof = sample_n - 2 using the sensemakr numeric formulas."
track1_per_cell,main,share_joint_Rupture_composed,joint_continuous,Joint continuous treatments,H3,unweighted,,633,5,lightgbm_regressor,crossfit_plr_residual_ols_hc3_v1,primary,,30,total_days_incarcerated,-1.4045104736011688e-06,1.7545640466193974e-05,-3.5793333873029925e-05,3.2984312925827586e-05,0.9361983072814536,-0.1604087221023438,-0.2171682621380317,0.1532454082284388,0.0074565142415943,3362.755842718917,0.9813174645123344,1.0,0,0,models/causal_estimates_v1/track1_per_cell_v1/track1_per_cell_estimates_v1.csv,631.0,-0.0800489714984931,1.0154948917116715e-05,1.0155052041151445e-05,0.0031816257583192034,0.0,0.31816257583192037,0.0,cinelli_hazlett_numeric_minimal_reporting_v1,"Computed from estimate, standard error, and assumed final-stage dof = sample_n - 2 using the sensemakr numeric formulas."
track1_per_cell,main,share_joint_Rupture_composed,joint_continuous,Joint continuous treatments,H3,unweighted,,633,5,lightgbm_regressor,crossfit_plr_residual_ols_hc3_v1,primary,,30,severity_index_v2,-0.0953565234312679,0.049088031677144,-0.1915672975904315,0.0008542507278957,0.0520691551007067,-0.1604087221023438,-0.3190036489707968,0.1532454082284388,0.0074565142415943,3362.755842718917,0.3957255787653714,1.0,0,0,models/causal_estimates_v1/track1_per_cell_v1/track1_per_cell_estimates_v1.csv,631.0,-1.9425615607982727,0.005944711219824319,0.005980262151332839,0.07439981035849222,0.0,7.439981035849222,0.0,cinelli_hazlett_numeric_minimal_reporting_v1,"Computed from estimate, standard error, and assumed final-stage dof = sample_n - 2 using the sensemakr numeric formulas."
track1_per_cell,main,share_joint_Rupture_discomposed,joint_continuous,Joint continuous treatments,H3,unweighted,,633,5,lightgbm_regressor,crossfit_plr_residual_ols_hc3_v1,primary,,30,age_at_first_exposure,0.0430081292892167,0.0250888294158867,-0.0061650727801904,0.0921813313586238,0.0864857231770966,-0.0812321116825027,0.995908135794145,0.1532454082284388,0.0067453344086466,3362.755842718917,0.5427177491113223,1.0,0,0,models/causal_estimates_v1/track1_per_cell_v1/track1_per_cell_estimates_v1.csv,631.0,1.7142341946804092,0.004635462928791749,0.0046570505138060075,0.06595377511206556,0.0,6.595377511206555,0.0,cinelli_hazlett_numeric_minimal_reporting_v1,"Computed from estimate, standard error, and assumed final-stage dof = sample_n - 2 using the sensemakr numeric formulas."
track1_per_cell,main,share_joint_Rupture_discomposed,joint_continuous,Joint continuous treatments,H3,unweighted,,633,5,lightgbm_regressor,crossfit_plr_residual_ols_hc3_v1,primary,,30,total_days_incarcerated,8.285812669071138e-06,1.56941391581108e-05,-2.24741348491858e-05,3.904576018732808e-05,0.5975299754925918,-0.0812321116825027,-0.2171682621380317,0.1532454082284388,0.0067453344086466,3362.755842718917,0.9639398661248416,1.0,0,0,models/causal_estimates_v1/track1_per_cell_v1/track1_per_cell_estimates_v1.csv,631.0,0.5279558557239499,0.0004415440740925062,0.0004417391213838481,0.020797881704468626,0.0,2.0797881704468626,0.0,cinelli_hazlett_numeric_minimal_reporting_v1,"Computed from estimate, standard error, and assumed final-stage dof = sample_n - 2 using the sensemakr numeric formulas."
track1_per_cell,main,share_joint_Rupture_discomposed,joint_continuous,Joint continuous treatments,H3,unweighted,,633,5,lightgbm_regressor,crossfit_plr_residual_ols_hc3_v1,primary,,30,severity_index_v2,-0.0070785900976072,0.0487799819515521,-0.1026855978891633,0.0885284176939488,0.8846219687944282,-0.0812321116825027,-0.3190036489707968,0.1532454082284388,0.0067453344086466,3362.755842718917,0.9813174645123344,1.0,0,0,models/causal_estimates_v1/track1_per_cell_v1/track1_per_cell_estimates_v1.csv,631.0,-0.14511260181763908,3.33707836694576e-05,3.337189731582356e-05,0.005760179614665003,0.0,0.5760179614665003,0.0,cinelli_hazlett_numeric_minimal_reporting_v1,"Computed from estimate, standard error, and assumed final-stage dof = sample_n - 2 using the sensemakr numeric formulas."
track1_per_cell,main,share_joint_Distrust_composed,joint_continuous,Joint continuous treatments,H3,unweighted,,633,5,lightgbm_regressor,crossfit_plr_residual_ols_hc3_v1,primary,,30,age_at_first_exposure,-0.0031284882575399,0.0197906318287667,-0.0419174138732148,0.0356604373581349,0.8743943502788857,-0.2386451847579513,0.995908135794145,0.1532454082284388,0.0062965344973903,3362.755842718917,0.9813174645123344,1.0,0,0,models/causal_estimates_v1/track1_per_cell_v1/track1_per_cell_estimates_v1.csv,631.0,-0.1580792510622365,3.960072905200392e-05,3.9602297331850396e-05,0.006273265624961927,0.0,0.6273265624961927,0.0,cinelli_hazlett_numeric_minimal_reporting_v1,"Computed from estimate, standard error, and assumed final-stage dof = sample_n - 2 using the sensemakr numeric formulas."
track1_per_cell,main,share_joint_Distrust_composed,joint_continuous,Joint continuous treatments,H3,unweighted,,633,5,lightgbm_regressor,crossfit_plr_residual_ols_hc3_v1,primary,,30,total_days_incarcerated,8.182497072158581e-06,1.3864496889825272e-05,-1.8991417495666543e-05,3.535641163998371e-05,0.5550724789966297,-0.2386451847579513,-0.2171682621380317,0.1532454082284388,0.0062965344973903,3362.755842718917,0.948508762670043,1.0,0,0,models/causal_estimates_v1/track1_per_cell_v1/track1_per_cell_estimates_v1.csv,631.0,0.5901762708867903,0.0005516891805796863,0.0005519937095369858,0.02322017057315106,0.0,2.3220170573151058,0.0,cinelli_hazlett_numeric_minimal_reporting_v1,"Computed from estimate, standard error, and assumed final-stage dof = sample_n - 2 using the sensemakr numeric formulas."
track1_per_cell,main,share_joint_Distrust_composed,joint_continuous,Joint continuous treatments,H3,unweighted,,633,5,lightgbm_regressor,crossfit_plr_residual_ols_hc3_v1,primary,,30,severity_index_v2,0.0499472426934639,0.0365381210290995,-0.0216661585863367,0.1215606439732645,0.1716284688956186,-0.2386451847579513,-0.3190036489707968,0.1532454082284388,0.0062965344973903,3362.755842718917,0.7071920043650793,1.0,0,0,models/causal_estimates_v1/track1_per_cell_v1/track1_per_cell_estimates_v1.csv,631.0,1.3669899077099552,0.002952684374707604,0.002961428538479987,0.052958435735394695,0.0,5.29584357353947,0.0,cinelli_hazlett_numeric_minimal_reporting_v1,"Computed from estimate, standard error, and assumed final-stage dof = sample_n - 2 using the sensemakr numeric formulas."
track1_per_cell,main,share_joint_Distrust_discomposed,joint_continuous,Joint continuous treatments,H3,unweighted,,633,5,lightgbm_regressor,crossfit_plr_residual_ols_hc3_v1,primary,,30,age_at_first_exposure,-0.0031162268478123,0.0202327263837868,-0.0427716418690879,0.0365391881734632,0.8775946546262361,-0.2652578585550136,0.995908135794145,0.1532454082284388,0.01537936276846,3362.755842718917,0.9813174645123344,1.0,0,0,models/causal_estimates_v1/track1_per_cell_v1/track1_per_cell_estimates_v1.csv,631.0,-0.15401912667140316,3.759270936680417e-05,3.759412263173016e-05,0.006112636373146608,0.0,0.6112636373146607,0.0,cinelli_hazlett_numeric_minimal_reporting_v1,"Computed from estimate, standard error, and assumed final-stage dof = sample_n - 2 using the sensemakr numeric formulas."
track1_per_cell,main,share_joint_Distrust_discomposed,joint_continuous,Joint continuous treatments,H3,unweighted,,633,5,lightgbm_regressor,crossfit_plr_residual_ols_hc3_v1,primary,,30,total_days_incarcerated,-2.7535413545628397e-06,8.298788650904033e-06,-1.901886822564449e-05,1.351178551651881e-05,0.7400399857994315,-0.2652578585550136,-0.2171682621380317,0.1532454082284388,0.01537936276846,3362.755842718917,0.9813174645123344,1.0,0,0,models/causal_estimates_v1/track1_per_cell_v1/track1_per_cell_estimates_v1.csv,631.0,-0.33180039526164834,0.0001744410425029396,0.00017447147748935986,0.013121817503765707,0.0,1.3121817503765707,0.0,cinelli_hazlett_numeric_minimal_reporting_v1,"Computed from estimate, standard error, and assumed final-stage dof = sample_n - 2 using the sensemakr numeric formulas."
track1_per_cell,main,share_joint_Distrust_discomposed,joint_continuous,Joint continuous treatments,H3,unweighted,,633,5,lightgbm_regressor,crossfit_plr_residual_ols_hc3_v1,primary,,30,severity_index_v2,0.0787849288709242,0.0286944576499595,0.0225448253210936,0.1350250324207549,0.0060391209343314,-0.2652578585550136,-0.3190036489707968,0.1532454082284388,0.01537936276846,3362.755842718917,0.0984258186785706,1.0,0,0,models/causal_estimates_v1/track1_per_cell_v1/track1_per_cell_estimates_v1.csv,631.0,2.74564969416787,0.011806008806143176,0.011947055852748207,0.10349216938851709,0.030586665234803335,10.34921693885171,3.0586665234803334,cinelli_hazlett_numeric_minimal_reporting_v1,"Computed from estimate, standard error, and assumed final-stage dof = sample_n - 2 using the sensemakr numeric formulas."
track1_per_cell,main,share_joint_Injury_composed,joint_continuous,Joint continuous treatments,H3,ipw,ipw_weight_v1,632,5,lightgbm_regressor,crossfit_plr_residual_ols_hc3_v1,primary,,30,age_at_first_exposure,-0.0045917883270428,0.0186738858950087,-0.0411919321326705,0.0320083554785847,0.8057646273075423,-0.1595515744028663,0.9956737825344936,0.2075078017619803,0.0023684482066175,3477.635084041861,0.9813174645123344,1.0,0,0,models/causal_estimates_v1/track1_per_cell_v1/track1_per_cell_estimates_v1.csv,630.0,-0.24589356242506166,9.59648280299764e-05,9.597403816204396e-05,0.009748764530082827,0.0,0.9748764530082826,0.0,cinelli_hazlett_numeric_minimal_reporting_v1,"Computed from estimate, standard error, and assumed final-stage dof = sample_n - 2 using the sensemakr numeric formulas."
track1_per_cell,main,share_joint_Injury_composed,joint_continuous,Joint continuous treatments,H3,ipw,ipw_weight_v1,632,5,lightgbm_regressor,crossfit_plr_residual_ols_hc3_v1,primary,,30,total_days_incarcerated,4.462950457171904e-06,1.1614279268799605e-05,-1.830061861606552e-05,2.722651953040932e-05,0.7007827204959143,-0.1595515744028663,-0.145933389152562,0.2075078017619803,0.0023684482066175,3477.635084041861,0.9813174645123344,1.0,0,0,models/causal_estimates_v1/track1_per_cell_v1/track1_per_cell_estimates_v1.csv,630.0,0.38426409025320196,0.00023432427142230908,0.00023437919215574753,0.015192706731369169,0.0,1.5192706731369168,0.0,cinelli_hazlett_numeric_minimal_reporting_v1,"Computed from estimate, standard error, and assumed final-stage dof = sample_n - 2 using the sensemakr numeric formulas."
track1_per_cell,main,share_joint_Injury_composed,joint_continuous,Joint continuous treatments,H3,ipw,ipw_weight_v1,632,5,lightgbm_regressor,crossfit_plr_residual_ols_hc3_v1,primary,,30,severity_index_v2,-0.0444382620060267,0.0316267833781405,-0.1064256183740322,0.0175490943619786,0.1599965390637986,-0.1595515744028663,-0.2272169880959906,0.2075078017619803,0.0023684482066175,3477.635084041861,0.6940817373497516,1.0,0,0,models/causal_estimates_v1/track1_per_cell_v1/track1_per_cell_estimates_v1.csv,630.0,-1.4050832003592602,0.0031239544529563265,0.003133744126875906,0.05443490661312811,0.0,5.443490661312811,0.0,cinelli_hazlett_numeric_minimal_reporting_v1,"Computed from estimate, standard error, and assumed final-stage dof = sample_n - 2 using the sensemakr numeric formulas."
track1_per_cell,main,share_joint_Injury_discomposed,joint_continuous,Joint continuous treatments,H3,ipw,ipw_weight_v1,632,5,lightgbm_regressor,crossfit_plr_residual_ols_hc3_v1,primary,,30,age_at_first_exposure,-0.0113852391630578,0.0171383394007478,-0.0449757671433473,0.0222052888172317,0.5064893489119162,-0.3868727219863879,0.9956737825344936,0.2075078017619803,0.0073469464195691,3477.635084041861,0.9441539990268156,1.0,0,0,models/causal_estimates_v1/track1_per_cell_v1/track1_per_cell_estimates_v1.csv,630.0,-0.6643140211449556,0.0007000066612174843,0.0007004970137933024,0.02611897301187654,0.0,2.6118973011876543,0.0,cinelli_hazlett_numeric_minimal_reporting_v1,"Computed from estimate, standard error, and assumed final-stage dof = sample_n - 2 using the sensemakr numeric formulas."
track1_per_cell,main,share_joint_Injury_discomposed,joint_continuous,Joint continuous treatments,H3,ipw,ipw_weight_v1,632,5,lightgbm_regressor,crossfit_plr_residual_ols_hc3_v1,primary,,30,total_days_incarcerated,-1.4496609083943216e-05,1.0709750170040614e-05,-3.548733370064454e-05,6.4941155327581066e-06,0.1758672681872102,-0.3868727219863879,-0.145933389152562,0.2075078017619803,0.0073469464195691,3477.635084041861,0.7203186313775556,1.0,0,0,models/causal_estimates_v1/track1_per_cell_v1/track1_per_cell_estimates_v1.csv,630.0,-1.3535898460541065,0.002899829187994575,0.0029082626529218724,0.05249378013298731,0.0,5.249378013298731,0.0,cinelli_hazlett_numeric_minimal_reporting_v1,"Computed from estimate, standard error, and assumed final-stage dof = sample_n - 2 using the sensemakr numeric formulas."
track1_per_cell,main,share_joint_Injury_discomposed,joint_continuous,Joint continuous treatments,H3,ipw,ipw_weight_v1,632,5,lightgbm_regressor,crossfit_plr_residual_ols_hc3_v1,primary,,30,severity_index_v2,-0.0133712574150162,0.0360725534227719,-0.0840721629540462,0.0573296481240137,0.7108782980949662,-0.3868727219863879,-0.2272169880959906,0.2075078017619803,0.0073469464195691,3477.635084041861,0.9813174645123344,1.0,0,0,models/causal_estimates_v1/track1_per_cell_v1/track1_per_cell_estimates_v1.csv,630.0,-0.3706767651933169,0.00021804968881153719,0.00021809724484790692,0.014659469801912304,0.0,1.4659469801912304,0.0,cinelli_hazlett_numeric_minimal_reporting_v1,"Computed from estimate, standard error, and assumed final-stage dof = sample_n - 2 using the sensemakr numeric formulas."
track1_per_cell,main,share_joint_Rupture_composed,joint_continuous,Joint continuous treatments,H3,ipw,ipw_weight_v1,632,5,lightgbm_regressor,crossfit_plr_residual_ols_hc3_v1,primary,,30,age_at_first_exposure,-0.051829075330831,0.0285360283690474,-0.1077586631959773,0.0041005125343152,0.0693292706226815,-0.2675039712240423,0.9956737825344936,0.2075078017619803,0.0209503787599709,3477.635084041861,0.4658093096528959,1.0,0,0,models/causal_estimates_v1/track1_per_cell_v1/track1_per_cell_estimates_v1.csv,630.0,-1.816268005503149,0.0052089618902130645,0.005236237250499027,0.0697910782742805,0.0,6.97910782742805,0.0,cinelli_hazlett_numeric_minimal_reporting_v1,"Computed from estimate, standard error, and assumed final-stage dof = sample_n - 2 using the sensemakr numeric formulas."
track1_per_cell,main,share_joint_Rupture_composed,joint_continuous,Joint continuous treatments,H3,ipw,ipw_weight_v1,632,5,lightgbm_regressor,crossfit_plr_residual_ols_hc3_v1,primary,,30,total_days_incarcerated,1.902454963531123e-05,2.416290569102073e-05,-2.83338752809273e-05,6.638297455154976e-05,0.4310797726377837,-0.2675039712240423,-0.145933389152562,0.2075078017619803,0.0209503787599709,3477.635084041861,0.8942861461143674,1.0,0,0,models/causal_estimates_v1/track1_per_cell_v1/track1_per_cell_estimates_v1.csv,630.0,0.7873452753813882,0.00098302094541636,0.0009839882264530064,0.030880450558179902,0.0,3.0880450558179904,0.0,cinelli_hazlett_numeric_minimal_reporting_v1,"Computed from estimate, standard error, and assumed final-stage dof = sample_n - 2 using the sensemakr numeric formulas."
track1_per_cell,main,share_joint_Rupture_composed,joint_continuous,Joint continuous treatments,H3,ipw,ipw_weight_v1,632,5,lightgbm_regressor,crossfit_plr_residual_ols_hc3_v1,primary,,30,severity_index_v2,-0.1543894330774073,0.0679081771576081,-0.2874870145620848,-0.0212918515927298,0.0229958956639596,-0.2675039712240423,-0.2272169880959906,0.2075078017619803,0.0209503787599709,3477.635084041861,0.2301481002190593,1.0,0,0,models/causal_estimates_v1/track1_per_cell_v1/track1_per_cell_estimates_v1.csv,630.0,-2.2735028319061614,0.008137702928085988,0.008204468455056088,0.0865691327011424,0.012203819663626297,8.65691327011424,1.2203819663626296,cinelli_hazlett_numeric_minimal_reporting_v1,"Computed from estimate, standard error, and assumed final-stage dof = sample_n - 2 using the sensemakr numeric formulas."
track1_per_cell,main,share_joint_Rupture_discomposed,joint_continuous,Joint continuous treatments,H3,ipw,ipw_weight_v1,632,5,lightgbm_regressor,crossfit_plr_residual_ols_hc3_v1,primary,,30,age_at_first_exposure,0.0523939834662066,0.0299276679538304,-0.0062631678645745,0.1110511347969878,0.0799998155205095,-0.0822607658318865,0.9956737825344936,0.2075078017619803,0.0138744864126049,3477.635084041861,0.5162252246795143,1.0,0,0,models/causal_estimates_v1/track1_per_cell_v1/track1_per_cell_estimates_v1.csv,630.0,1.7506871416454874,0.004841376360386707,0.00486492931416325,0.06735898323212039,0.0,6.735898323212039,0.0,cinelli_hazlett_numeric_minimal_reporting_v1,"Computed from estimate, standard error, and assumed final-stage dof = sample_n - 2 using the sensemakr numeric formulas."
track1_per_cell,main,share_joint_Rupture_discomposed,joint_continuous,Joint continuous treatments,H3,ipw,ipw_weight_v1,632,5,lightgbm_regressor,crossfit_plr_residual_ols_hc3_v1,primary,,30,total_days_incarcerated,-2.394460016101076e-06,2.139989320708673e-05,-4.433747997499443e-05,3.954855994279228e-05,0.9109096635992462,-0.0822607658318865,-0.145933389152562,0.2075078017619803,0.0138744864126049,3477.635084041861,0.9813174645123344,1.0,0,0,models/causal_estimates_v1/track1_per_cell_v1/track1_per_cell_estimates_v1.csv,630.0,-0.11189121333129518,1.9872055285236864e-05,1.9872450191665724e-05,0.004447927492003971,0.0,0.44479274920039713,0.0,cinelli_hazlett_numeric_minimal_reporting_v1,"Computed from estimate, standard error, and assumed final-stage dof = sample_n - 2 using the sensemakr numeric formulas."
track1_per_cell,main,share_joint_Rupture_discomposed,joint_continuous,Joint continuous treatments,H3,ipw,ipw_weight_v1,632,5,lightgbm_regressor,crossfit_plr_residual_ols_hc3_v1,primary,,30,severity_index_v2,0.0419107897877182,0.0695224236455494,-0.0943506566754944,0.1781722362509309,0.5466161683000083,-0.0822607658318865,-0.2272169880959906,0.2075078017619803,0.0138744864126049,3477.635084041861,0.948508762670043,1.0,0,0,models/causal_estimates_v1/track1_per_cell_v1/track1_per_cell_estimates_v1.csv,630.0,0.6028384453538997,0.0005765153608462418,0.0005768479225344552,0.023730966349810367,0.0,2.373096634981037,0.0,cinelli_hazlett_numeric_minimal_reporting_v1,"Computed from estimate, standard error, and assumed final-stage dof = sample_n - 2 using the sensemakr numeric formulas."
track1_per_cell,main,share_joint_Distrust_composed,joint_continuous,Joint continuous treatments,H3,ipw,ipw_weight_v1,632,5,lightgbm_regressor,crossfit_plr_residual_ols_hc3_v1,primary,,30,age_at_first_exposure,0.0016314485149317,0.02219093088568,-0.0418619768044186,0.045124873834282,0.941393359431192,-0.1937778151822631,0.9956737825344936,0.2075078017619803,0.006706150382307,3477.635084041861,0.9813174645123344,1.0,0,0,models/causal_estimates_v1/track1_per_cell_v1/track1_per_cell_estimates_v1.csv,630.0,0.073518705607095,8.579291592176208e-06,8.579365197051909e-06,0.002924768800673651,0.0,0.2924768800673651,0.0,cinelli_hazlett_numeric_minimal_reporting_v1,"Computed from estimate, standard error, and assumed final-stage dof = sample_n - 2 using the sensemakr numeric formulas."
track1_per_cell,main,share_joint_Distrust_composed,joint_continuous,Joint continuous treatments,H3,ipw,ipw_weight_v1,632,5,lightgbm_regressor,crossfit_plr_residual_ols_hc3_v1,primary,,30,total_days_incarcerated,1.850126609838749e-05,2.329538356455997e-05,-2.715684669419635e-05,6.415937889097133e-05,0.4270771977257297,-0.1937778151822631,-0.145933389152562,0.2075078017619803,0.006706150382307,3477.635084041861,0.8942861461143674,1.0,0,0,models/causal_estimates_v1/track1_per_cell_v1/track1_per_cell_estimates_v1.csv,630.0,0.7942031109774931,0.0010002026905651246,0.0010012040975973463,0.031145167020835387,0.0,3.1145167020835385,0.0,cinelli_hazlett_numeric_minimal_reporting_v1,"Computed from estimate, standard error, and assumed final-stage dof = sample_n - 2 using the sensemakr numeric formulas."
track1_per_cell,main,share_joint_Distrust_composed,joint_continuous,Joint continuous treatments,H3,ipw,ipw_weight_v1,632,5,lightgbm_regressor,crossfit_plr_residual_ols_hc3_v1,primary,,30,severity_index_v2,0.029860925196916,0.0468904935774151,-0.0620427534321243,0.1217646038259564,0.5242404149951592,-0.1937778151822631,-0.2272169880959906,0.2075078017619803,0.006706150382307,3477.635084041861,0.948508762670043,1.0,0,0,models/causal_estimates_v1/track1_per_cell_v1/track1_per_cell_estimates_v1.csv,630.0,0.6368225821213913,0.0006433049417191572,0.0006437190493646923,0.025051800891550884,0.0,2.5051800891550884,0.0,cinelli_hazlett_numeric_minimal_reporting_v1,"Computed from estimate, standard error, and assumed final-stage dof = sample_n - 2 using the sensemakr numeric formulas."
track1_per_cell,main,share_joint_Distrust_discomposed,joint_continuous,Joint continuous treatments,H3,ipw,ipw_weight_v1,632,5,lightgbm_regressor,crossfit_plr_residual_ols_hc3_v1,primary,,30,age_at_first_exposure,0.0111099233476852,0.0274220257885493,-0.042636259581,0.0648561062763704,0.6853702145301053,-0.2757315358595031,0.9956737825344936,0.2075078017619803,0.0379902485359829,3477.635084041861,0.9807389680723684,1.0,0,0,models/causal_estimates_v1/track1_per_cell_v1/track1_per_cell_estimates_v1.csv,630.0,0.4051459740193376,0.00026047699162134807,0.0002605448575620282,0.01601165522772051,0.0,1.601165522772051,0.0,cinelli_hazlett_numeric_minimal_reporting_v1,"Computed from estimate, standard error, and assumed final-stage dof = sample_n - 2 using the sensemakr numeric formulas."
track1_per_cell,main,share_joint_Distrust_discomposed,joint_continuous,Joint continuous treatments,H3,ipw,ipw_weight_v1,632,5,lightgbm_regressor,crossfit_plr_residual_ols_hc3_v1,primary,,30,total_days_incarcerated,-1.2815107573026343e-05,1.095574098340595e-05,-3.428796532445144e-05,8.657750178398754e-06,0.2421152016912866,-0.2757315358595031,-0.145933389152562,0.2075078017619803,0.0379902485359829,3477.635084041861,0.8253330645782515,1.0,0,0,models/causal_estimates_v1/track1_per_cell_v1/track1_per_cell_estimates_v1.csv,630.0,-1.1697161873794453,0.0021670966024117796,0.002171803109551596,0.04552935658822134,0.0,4.552935658822134,0.0,cinelli_hazlett_numeric_minimal_reporting_v1,"Computed from estimate, standard error, and assumed final-stage dof = sample_n - 2 using the sensemakr numeric formulas."
track1_per_cell,main,share_joint_Distrust_discomposed,joint_continuous,Joint continuous treatments,H3,ipw,ipw_weight_v1,632,5,lightgbm_regressor,crossfit_plr_residual_ols_hc3_v1,primary,,30,severity_index_v2,0.1392617062007891,0.0443349801104209,0.0523667419290644,0.2261566704725139,0.0016830029045668,-0.2757315358595031,-0.2272169880959906,0.2075078017619803,0.0379902485359829,3477.635084041861,0.0446251571510707,1.0,1,0,models/causal_estimates_v1/track1_per_cell_v1/track1_per_cell_estimates_v1.csv,630.0,3.1411248150770175,0.015419876736805184,0.015661373180781948,0.11755947583576938,0.045761443523014894,11.755947583576939,4.5761443523014895,cinelli_hazlett_numeric_minimal_reporting_v1,"Computed from estimate, standard error, and assumed final-stage dof = sample_n - 2 using the sensemakr numeric formulas."
track1_per_cell,main,share_joint_Injury_composed,joint_continuous,Joint continuous treatments,H3,rake,rake_weight_v1,632,5,lightgbm_regressor,crossfit_plr_residual_ols_hc3_v1,primary,,30,age_at_first_exposure,0.0037565397339553,0.0230481073616987,-0.0414169206067867,0.0489300000746974,0.8705287434250556,-0.2438704508168225,0.9939920942962006,0.199794546401623,0.0020382024389199,3435.418230326603,0.9813174645123344,1.0,0,0,models/causal_estimates_v1/track1_per_cell_v1/track1_per_cell_estimates_v1.csv,630.0,0.16298690712443964,4.2164463184651995e-05,4.216624110157256e-05,0.0064725049168554,0.0,0.64725049168554,0.0,cinelli_hazlett_numeric_minimal_reporting_v1,"Computed from estimate, standard error, and assumed final-stage dof = sample_n - 2 using the sensemakr numeric formulas."
track1_per_cell,main,share_joint_Injury_composed,joint_continuous,Joint continuous treatments,H3,rake,rake_weight_v1,632,5,lightgbm_regressor,crossfit_plr_residual_ols_hc3_v1,primary,,30,total_days_incarcerated,1.6044416808411866e-06,1.2511487793583455e-05,-2.291762378759489e-05,2.6126507149277265e-05,0.8979610392091656,-0.2438704508168225,-0.1462504614341897,0.199794546401623,0.0020382024389199,3435.418230326603,0.9813174645123344,1.0,0,0,models/causal_estimates_v1/track1_per_cell_v1/track1_per_cell_estimates_v1.csv,630.0,0.12823748121019052,2.6102257681556037e-05,2.610293902719677e-05,0.005096068745166541,0.0,0.5096068745166541,0.0,cinelli_hazlett_numeric_minimal_reporting_v1,"Computed from estimate, standard error, and assumed final-stage dof = sample_n - 2 using the sensemakr numeric formulas."
track1_per_cell,main,share_joint_Injury_composed,joint_continuous,Joint continuous treatments,H3,rake,rake_weight_v1,632,5,lightgbm_regressor,crossfit_plr_residual_ols_hc3_v1,primary,,30,severity_index_v2,-0.0393447638675631,0.0335249281733084,-0.1050524156715397,0.0263628879364135,0.2405563789669994,-0.2438704508168225,-0.2483579936571416,0.199794546401623,0.0020382024389199,3435.418230326603,0.8253330645782515,1.0,0,0,models/causal_estimates_v1/track1_per_cell_v1/track1_per_cell_estimates_v1.csv,630.0,-1.1735972606464313,0.002181469722772909,0.0021862389368203297,0.04567689065552018,0.0,4.567689065552018,0.0,cinelli_hazlett_numeric_minimal_reporting_v1,"Computed from estimate, standard error, and assumed final-stage dof = sample_n - 2 using the sensemakr numeric formulas."
track1_per_cell,main,share_joint_Injury_discomposed,joint_continuous,Joint continuous treatments,H3,rake,rake_weight_v1,632,5,lightgbm_regressor,crossfit_plr_residual_ols_hc3_v1,primary,,30,age_at_first_exposure,-0.0007062919254943,0.0094384870388355,-0.0192053865901601,0.0177928027391714,0.9403491342159568,-0.3648454030842873,0.9939920942962006,0.199794546401623,0.0036860838656928,3435.418230326603,0.9813174645123344,1.0,0,0,models/causal_estimates_v1/track1_per_cell_v1/track1_per_cell_estimates_v1.csv,630.0,-0.07483105317496318,8.888312297637483e-06,8.888391300435185e-06,0.0029768996374743956,0.0,0.29768996374743956,0.0,cinelli_hazlett_numeric_minimal_reporting_v1,"Computed from estimate, standard error, and assumed final-stage dof = sample_n - 2 using the sensemakr numeric formulas."
track1_per_cell,main,share_joint_Injury_discomposed,joint_continuous,Joint continuous treatments,H3,rake,rake_weight_v1,632,5,lightgbm_regressor,crossfit_plr_residual_ols_hc3_v1,primary,,30,total_days_incarcerated,-4.296820536262045e-06,9.327899176345888e-06,-2.257916697332082e-05,1.3985525900796727e-05,0.6450555962214901,-0.3648454030842873,-0.1462504614341897,0.199794546401623,0.0036860838656928,3435.418230326603,0.9760885314688308,1.0,0,0,models/causal_estimates_v1/track1_per_cell_v1/track1_per_cell_estimates_v1.csv,630.0,-0.4606418288866284,0.0003366975402662953,0.000336810943682568,0.018184776924830802,0.0,1.81847769248308,0.0,cinelli_hazlett_numeric_minimal_reporting_v1,"Computed from estimate, standard error, and assumed final-stage dof = sample_n - 2 using the sensemakr numeric formulas."
track1_per_cell,main,share_joint_Injury_discomposed,joint_continuous,Joint continuous treatments,H3,rake,rake_weight_v1,632,5,lightgbm_regressor,crossfit_plr_residual_ols_hc3_v1,primary,,30,severity_index_v2,-0.0333741199735214,0.0338926736141379,-0.0998025395970028,0.0330542996499599,0.3247713909035242,-0.3648454030842873,-0.2483579936571416,0.199794546401623,0.0036860838656928,3435.418230326603,0.8869729811452898,1.0,0,0,models/causal_estimates_v1/track1_per_cell_v1/track1_per_cell_estimates_v1.csv,630.0,-0.9847001258584632,0.0015367369285262031,0.001539102123596307,0.038469387920200604,0.0,3.8469387920200604,0.0,cinelli_hazlett_numeric_minimal_reporting_v1,"Computed from estimate, standard error, and assumed final-stage dof = sample_n - 2 using the sensemakr numeric formulas."
track1_per_cell,main,share_joint_Rupture_composed,joint_continuous,Joint continuous treatments,H3,rake,rake_weight_v1,632,5,lightgbm_regressor,crossfit_plr_residual_ols_hc3_v1,primary,,30,age_at_first_exposure,-0.0097598928212472,0.0405143368944936,-0.0891665339919771,0.0696467483494826,0.80963283136354,-0.3138155146862165,0.9939920942962006,0.199794546401623,0.008115719346833,3435.418230326603,0.9813174645123344,1.0,0,0,models/causal_estimates_v1/track1_per_cell_v1/track1_per_cell_estimates_v1.csv,630.0,-0.24089973005515708,9.210688052623752e-05,9.211536498515485e-05,0.009551727806633102,0.0,0.9551727806633101,0.0,cinelli_hazlett_numeric_minimal_reporting_v1,"Computed from estimate, standard error, and assumed final-stage dof = sample_n - 2 using the sensemakr numeric formulas."
track1_per_cell,main,share_joint_Rupture_composed,joint_continuous,Joint continuous treatments,H3,rake,rake_weight_v1,632,5,lightgbm_regressor,crossfit_plr_residual_ols_hc3_v1,primary,,30,total_days_incarcerated,1.1541388391370472e-05,2.5096733216671048e-05,-3.764730484291484e-05,6.073008162565579e-05,0.6456051389749582,-0.3138155146862165,-0.1462504614341897,0.199794546401623,0.008115719346833,3435.418230326603,0.9760885314688308,1.0,0,0,models/causal_estimates_v1/track1_per_cell_v1/track1_per_cell_estimates_v1.csv,630.0,0.4598761237858581,0.000335579490234467,0.0003356921416322316,0.01815482605788062,0.0,1.815482605788062,0.0,cinelli_hazlett_numeric_minimal_reporting_v1,"Computed from estimate, standard error, and assumed final-stage dof = sample_n - 2 using the sensemakr numeric formulas."
track1_per_cell,main,share_joint_Rupture_composed,joint_continuous,Joint continuous treatments,H3,rake,rake_weight_v1,632,5,lightgbm_regressor,crossfit_plr_residual_ols_hc3_v1,primary,,30,severity_index_v2,-0.1288588507336072,0.067515108641425,-0.2611860320831093,0.0034683306158948,0.0563146405301495,-0.3138155146862165,-0.2483579936571416,0.199794546401623,0.008115719346833,3435.418230326603,0.4101640261915172,1.0,0,0,models/causal_estimates_v1/track1_per_cell_v1/track1_per_cell_estimates_v1.csv,630.0,-1.9085928072482392,0.005748865017323624,0.005782105561713833,0.07320404395931113,0.0,7.320404395931113,0.0,cinelli_hazlett_numeric_minimal_reporting_v1,"Computed from estimate, standard error, and assumed final-stage dof = sample_n - 2 using the sensemakr numeric formulas."
track1_per_cell,main,share_joint_Rupture_discomposed,joint_continuous,Joint continuous treatments,H3,rake,rake_weight_v1,632,5,lightgbm_regressor,crossfit_plr_residual_ols_hc3_v1,primary,,30,age_at_first_exposure,0.0302300777870654,0.0285017881310647,-0.0256324004448125,0.0860925560189434,0.288854474496087,-0.1334730874740886,0.9939920942962006,0.199794546401623,0.0089668045096207,3435.418230326603,0.881069887355995,1.0,0,0,models/causal_estimates_v1/track1_per_cell_v1/track1_per_cell_estimates_v1.csv,630.0,1.060637937804225,0.0017824565960451082,0.0017856394208088872,0.041373438082830276,0.0,4.137343808283028,0.0,cinelli_hazlett_numeric_minimal_reporting_v1,"Computed from estimate, standard error, and assumed final-stage dof = sample_n - 2 using the sensemakr numeric formulas."
track1_per_cell,main,share_joint_Rupture_discomposed,joint_continuous,Joint continuous treatments,H3,rake,rake_weight_v1,632,5,lightgbm_regressor,crossfit_plr_residual_ols_hc3_v1,primary,,30,total_days_incarcerated,-8.290781804134906e-06,2.307310692782184e-05,-5.351324039410732e-05,3.69316767858375e-05,0.7193507533740584,-0.1334730874740886,-0.1462504614341897,0.199794546401623,0.0089668045096207,3435.418230326603,0.9813174645123344,1.0,0,0,models/causal_estimates_v1/track1_per_cell_v1/track1_per_cell_estimates_v1.csv,630.0,-0.359326632086023,0.0002049034480774578,0.00020494544210521292,0.014213809714124928,0.0,1.4213809714124928,0.0,cinelli_hazlett_numeric_minimal_reporting_v1,"Computed from estimate, standard error, and assumed final-stage dof = sample_n - 2 using the sensemakr numeric formulas."
track1_per_cell,main,share_joint_Rupture_discomposed,joint_continuous,Joint continuous treatments,H3,rake,rake_weight_v1,632,5,lightgbm_regressor,crossfit_plr_residual_ols_hc3_v1,primary,,30,severity_index_v2,0.0763756818474256,0.0727861933465865,-0.0662826356836529,0.2190339993785042,0.2940329282865787,-0.1334730874740886,-0.2483579936571416,0.199794546401623,0.0089668045096207,3435.418230326603,0.881069887355995,1.0,0,0,models/causal_estimates_v1/track1_per_cell_v1/track1_per_cell_estimates_v1.csv,630.0,1.0493155135033236,0.0017446699290331504,0.0017477191220297518,0.040941003257869625,0.0,4.094100325786963,0.0,cinelli_hazlett_numeric_minimal_reporting_v1,"Computed from estimate, standard error, and assumed final-stage dof = sample_n - 2 using the sensemakr numeric formulas."
track1_per_cell,main,share_joint_Distrust_composed,joint_continuous,Joint continuous treatments,H3,rake,rake_weight_v1,632,5,lightgbm_regressor,crossfit_plr_residual_ols_hc3_v1,primary,,30,age_at_first_exposure,-0.0093702442694317,0.0131810729330806,-0.0352046724958655,0.0164641839570019,0.4771546914871128,-0.1507073067704964,0.9939920942962006,0.199794546401623,0.0121659309865778,3435.418230326603,0.932496597077672,1.0,0,0,models/causal_estimates_v1/track1_per_cell_v1/track1_per_cell_estimates_v1.csv,630.0,-0.7108863077386633,0.0008015147453421827,0.0008021576865560469,0.02792414932516878,0.0,2.792414932516878,0.0,cinelli_hazlett_numeric_minimal_reporting_v1,"Computed from estimate, standard error, and assumed final-stage dof = sample_n - 2 using the sensemakr numeric formulas."
track1_per_cell,main,share_joint_Distrust_composed,joint_continuous,Joint continuous treatments,H3,rake,rake_weight_v1,632,5,lightgbm_regressor,crossfit_plr_residual_ols_hc3_v1,primary,,30,total_days_incarcerated,2.774285686882495e-05,2.4892154684124164e-05,-2.104486980965841e-05,7.653058354730832e-05,0.2650552627240625,-0.1507073067704964,-0.1462504614341897,0.199794546401623,0.0121659309865778,3435.418230326603,0.8551783004870698,1.0,0,0,models/causal_estimates_v1/track1_per_cell_v1/track1_per_cell_estimates_v1.csv,630.0,1.114522114331827,0.0019678019355255246,0.0019716818148169616,0.043428725364386654,0.0,4.342872536438666,0.0,cinelli_hazlett_numeric_minimal_reporting_v1,"Computed from estimate, standard error, and assumed final-stage dof = sample_n - 2 using the sensemakr numeric formulas."
track1_per_cell,main,share_joint_Distrust_composed,joint_continuous,Joint continuous treatments,H3,rake,rake_weight_v1,632,5,lightgbm_regressor,crossfit_plr_residual_ols_hc3_v1,primary,,30,severity_index_v2,0.014978706251866,0.047440223581216,-0.0780024233858453,0.1079598358895773,0.7522009821102914,-0.1507073067704964,-0.2483579936571416,0.199794546401623,0.0121659309865778,3435.418230326603,0.9813174645123344,1.0,0,0,models/causal_estimates_v1/track1_per_cell_v1/track1_per_cell_estimates_v1.csv,630.0,0.315738525688501,0.00015821435569147757,0.00015823939143483844,0.012500453085624913,0.0,1.2500453085624914,0.0,cinelli_hazlett_numeric_minimal_reporting_v1,"Computed from estimate, standard error, and assumed final-stage dof = sample_n - 2 using the sensemakr numeric formulas."
track1_per_cell,main,share_joint_Distrust_discomposed,joint_continuous,Joint continuous treatments,H3,rake,rake_weight_v1,632,5,lightgbm_regressor,crossfit_plr_residual_ols_hc3_v1,primary,,30,age_at_first_exposure,-0.0159788409495051,0.0333139515153887,-0.0812729861023806,0.0493153042033702,0.6314804686626606,-0.3245044868187561,0.9939920942962006,0.199794546401623,0.0349108930013868,3435.418230326603,0.9760885314688308,1.0,0,0,models/causal_estimates_v1/track1_per_cell_v1/track1_per_cell_estimates_v1.csv,630.0,-0.4796441197353608,0.00036503889095830397,0.00036517219301064943,0.01892776530511172,0.0,1.892776530511172,0.0,cinelli_hazlett_numeric_minimal_reporting_v1,"Computed from estimate, standard error, and assumed final-stage dof = sample_n - 2 using the sensemakr numeric formulas."
track1_per_cell,main,share_joint_Distrust_discomposed,joint_continuous,Joint continuous treatments,H3,rake,rake_weight_v1,632,5,lightgbm_regressor,crossfit_plr_residual_ols_hc3_v1,primary,,30,total_days_incarcerated,-1.1092907138107805e-05,1.1109089158044056e-05,-3.2866321788918543e-05,1.0680507512702935e-05,0.3180159530774585,-0.3245044868187561,-0.1462504614341897,0.199794546401623,0.0349108930013868,3435.418230326603,0.8869729811452898,1.0,0,0,models/causal_estimates_v1/track1_per_cell_v1/track1_per_cell_estimates_v1.csv,630.0,-0.998543353131293,0.0015801797595208025,0.0015826806794963272,0.03899944878323405,0.0,3.899944878323405,0.0,cinelli_hazlett_numeric_minimal_reporting_v1,"Computed from estimate, standard error, and assumed final-stage dof = sample_n - 2 using the sensemakr numeric formulas."
track1_per_cell,main,share_joint_Distrust_discomposed,joint_continuous,Joint continuous treatments,H3,rake,rake_weight_v1,632,5,lightgbm_regressor,crossfit_plr_residual_ols_hc3_v1,primary,,30,severity_index_v2,0.1286813275664521,0.0390068753561162,0.0522292567190212,0.205133398413883,0.0009705077497186,-0.3245044868187561,-0.2483579936571416,0.199794546401623,0.0349108930013868,3435.418230326603,0.0331913650403778,0.6453876535629035,1,0,models/causal_estimates_v1/track1_per_cell_v1/track1_per_cell_estimates_v1.csv,630.0,3.2989396456815943,0.016981262942756405,0.01727460759658699,0.12307909842060637,0.05174052583847211,12.307909842060637,5.17405258384721,cinelli_hazlett_numeric_minimal_reporting_v1,"Computed from estimate, standard error, and assumed final-stage dof = sample_n - 2 using the sensemakr numeric formulas."
track2,main,authority_stance,joint_continuous,Joint continuous treatments,H3,unweighted,,633,5,lightgbm_regressor,crossfit_plr_residual_ols_hc3_v1,primary,,30,age_at_first_exposure,0.0063661278803358,0.0103246899477731,-0.0138698925688423,0.0266021483295139,0.5375034472500901,-0.2839488229017715,0.995908135794145,0.1532454082284388,0.0204495160421813,3362.755842718917,0.8536819456324961,1.0,0,0,models/causal_estimates_v1/track2_v1/track2_estimates_v1.csv,631.0,0.6165926446739343,0.0006021514415583258,0.0006025142463803432,0.02424675709862859,0.0,2.424675709862859,0.0,cinelli_hazlett_numeric_minimal_reporting_v1,"Computed from estimate, standard error, and assumed final-stage dof = sample_n - 2 using the sensemakr numeric formulas."
track2,main,authority_stance,joint_continuous,Joint continuous treatments,H3,unweighted,,633,5,lightgbm_regressor,crossfit_plr_residual_ols_hc3_v1,primary,,30,total_days_incarcerated,6.520093367756771e-06,3.736164136703724e-06,-8.026537805127112e-07,1.3842840516026253e-05,0.0809621844424519,-0.2839488229017715,-0.2171682621380317,0.1532454082284388,0.0204495160421813,3362.755842718917,0.3582713482989196,1.0,0,0,models/causal_estimates_v1/track2_v1/track2_estimates_v1.csv,631.0,1.7451303339979067,0.00480325146896932,0.004826434045387711,0.06710122508674358,0.0,6.710122508674359,0.0,cinelli_hazlett_numeric_minimal_reporting_v1,"Computed from estimate, standard error, and assumed final-stage dof = sample_n - 2 using the sensemakr numeric formulas."
track2,main,authority_stance,joint_continuous,Joint continuous treatments,H3,unweighted,,633,5,lightgbm_regressor,crossfit_plr_residual_ols_hc3_v1,primary,,30,severity_index_v2,0.0214684323885979,0.0103072173665794,0.0012666575692763,0.0416702072079194,0.0372645029791449,-0.2839488229017715,-0.3190036489707968,0.1532454082284388,0.0204495160421813,3362.755842718917,0.2012283160873829,1.0,0,0,models/causal_estimates_v1/track2_v1/track2_estimates_v1.csv,631.0,2.0828543364388667,0.006828302824583319,0.006875249107483664,0.07955072625561063,0.004669044126046213,7.955072625561063,0.46690441260462134,cinelli_hazlett_numeric_minimal_reporting_v1,"Computed from estimate, standard error, and assumed final-stage dof = sample_n - 2 using the sensemakr numeric formulas."
track2,main,belonging_stance,joint_continuous,Joint continuous treatments,H3,unweighted,,633,5,lightgbm_regressor,crossfit_plr_residual_ols_hc3_v1,primary,,30,age_at_first_exposure,0.0096986105226265,0.0074500919862248,-0.0049033014518845,0.0243005224971376,0.192981056526297,0.0484741873761971,0.995908135794145,0.1532454082284388,0.0104853284705875,3362.755842718917,0.54847247644316,1.0,0,0,models/causal_estimates_v1/track2_v1/track2_estimates_v1.csv,631.0,1.3018108421425136,0.0026785611417325505,0.0026857551009822514,0.05049878929286822,0.0,5.049878929286821,0.0,cinelli_hazlett_numeric_minimal_reporting_v1,"Computed from estimate, standard error, and assumed final-stage dof = sample_n - 2 using the sensemakr numeric formulas."
track2,main,belonging_stance,joint_continuous,Joint continuous treatments,H3,unweighted,,633,5,lightgbm_regressor,crossfit_plr_residual_ols_hc3_v1,primary,,30,total_days_incarcerated,4.8641071739827965e-06,4.615984263465654e-06,-4.183055735613534e-06,1.3911270083579128e-05,0.2919960258550378,0.0484741873761971,-0.2171682621380317,0.1532454082284388,0.0104853284705875,3362.755842718917,0.6307114158468816,1.0,0,0,models/causal_estimates_v1/track2_v1/track2_estimates_v1.csv,631.0,1.0537529801565773,0.0017566478124220787,0.0017597390541820412,0.041078600709164546,0.0,4.1078600709164546,0.0,cinelli_hazlett_numeric_minimal_reporting_v1,"Computed from estimate, standard error, and assumed final-stage dof = sample_n - 2 using the sensemakr numeric formulas."
track2,main,belonging_stance,joint_continuous,Joint continuous treatments,H3,unweighted,,633,5,lightgbm_regressor,crossfit_plr_residual_ols_hc3_v1,primary,,30,severity_index_v2,0.0198302118884475,0.0135583124871627,-0.0067435922775312,0.0464040160544262,0.143580416462742,0.0484741873761971,-0.3190036489707968,0.1532454082284388,0.0104853284705875,3362.755842718917,0.4560789699404748,1.0,0,0,models/causal_estimates_v1/track2_v1/track2_estimates_v1.csv,631.0,1.4625870223321058,0.003378658169237998,0.0033901121995155246,0.05655428222006224,0.0,5.655428222006224,0.0,cinelli_hazlett_numeric_minimal_reporting_v1,"Computed from estimate, standard error, and assumed final-stage dof = sample_n - 2 using the sensemakr numeric formulas."
track2,main,how_multimodal_score_mean,joint_continuous,Joint continuous treatments,H3,unweighted,,633,5,lightgbm_regressor,crossfit_plr_residual_ols_hc3_v1,primary,,30,age_at_first_exposure,0.0085641293064146,0.0138495441657742,-0.0185804784607995,0.0357087370736289,0.5363321024194657,-0.1201956831322941,0.995908135794145,0.1532454082284388,0.0018047043353552,3362.755842718917,0.8536819456324961,1.0,0,0,models/causal_estimates_v1/track2_v1/track2_estimates_v1.csv,631.0,0.6183690382806082,0.0006056239126313239,0.0006059909152204188,0.024315751900201302,0.0,2.4315751900201303,0.0,cinelli_hazlett_numeric_minimal_reporting_v1,"Computed from estimate, standard error, and assumed final-stage dof = sample_n - 2 using the sensemakr numeric formulas."
track2,main,how_multimodal_score_mean,joint_continuous,Joint continuous treatments,H3,unweighted,,633,5,lightgbm_regressor,crossfit_plr_residual_ols_hc3_v1,primary,,30,total_days_incarcerated,-4.513825575621248e-06,9.56492254889235e-06,-2.3260729286365307e-05,1.423307813512281e-05,0.636987822804426,-0.1201956831322941,-0.2171682621380317,0.1532454082284388,0.0018047043353552,3362.755842718917,0.9562827677643412,1.0,0,0,models/causal_estimates_v1/track2_v1/track2_estimates_v1.csv,631.0,-0.471914493039357,0.0003528125455251916,0.0003529370661499102,0.018610979598405696,0.0,1.8610979598405697,0.0,cinelli_hazlett_numeric_minimal_reporting_v1,"Computed from estimate, standard error, and assumed final-stage dof = sample_n - 2 using the sensemakr numeric formulas."
track2,main,how_multimodal_score_mean,joint_continuous,Joint continuous treatments,H3,unweighted,,633,5,lightgbm_regressor,crossfit_plr_residual_ols_hc3_v1,primary,,30,severity_index_v2,0.0226536840429656,0.0280934827718789,-0.0324085303902136,0.0777158984761449,0.4200307225965584,-0.1201956831322941,-0.3190036489707968,0.1532454082284388,0.0018047043353552,3362.755842718917,0.7436609514824313,1.0,0,0,models/causal_estimates_v1/track2_v1/track2_estimates_v1.csv,631.0,0.806367947574003,0.0010294134898508611,0.0010304742739694296,0.03158989864028241,0.0,3.158989864028241,0.0,cinelli_hazlett_numeric_minimal_reporting_v1,"Computed from estimate, standard error, and assumed final-stage dof = sample_n - 2 using the sensemakr numeric formulas."
track2,main,authority_stance,joint_continuous,Joint continuous treatments,H3,ipw,ipw_weight_v1,632,5,lightgbm_regressor,crossfit_plr_residual_ols_hc3_v1,primary,,30,age_at_first_exposure,0.0035636706557085,0.0092590825470131,-0.0145837976663206,0.0217111389777377,0.7003235263750347,-0.3343189049598218,0.9956737825344936,0.2075078017619803,0.0432590885779045,3477.635084041861,0.976887281500646,1.0,0,0,models/causal_estimates_v1/track2_v1/track2_estimates_v1.csv,630.0,0.3848837762935929,0.00023508047219957223,0.0002351357480222483,0.01521701950965355,0.0,1.521701950965355,0.0,cinelli_hazlett_numeric_minimal_reporting_v1,"Computed from estimate, standard error, and assumed final-stage dof = sample_n - 2 using the sensemakr numeric formulas."
track2,main,authority_stance,joint_continuous,Joint continuous treatments,H3,ipw,ipw_weight_v1,632,5,lightgbm_regressor,crossfit_plr_residual_ols_hc3_v1,primary,,30,total_days_incarcerated,8.26013450403897e-06,5.126554732201518e-06,-1.7877281358493868e-06,1.8307997143927327e-05,0.107126383172515,-0.3343189049598218,-0.145933389152562,0.2075078017619803,0.0432590885779045,3477.635084041861,0.3932040721198692,1.0,0,0,models/causal_estimates_v1/track2_v1/track2_estimates_v1.csv,630.0,1.6112447707140318,0.004103897686532897,0.004120809065322719,0.06216618133457068,0.0,6.216618133457068,0.0,cinelli_hazlett_numeric_minimal_reporting_v1,"Computed from estimate, standard error, and assumed final-stage dof = sample_n - 2 using the sensemakr numeric formulas."
track2,main,authority_stance,joint_continuous,Joint continuous treatments,H3,ipw,ipw_weight_v1,632,5,lightgbm_regressor,crossfit_plr_residual_ols_hc3_v1,primary,,30,severity_index_v2,0.0409080575226832,0.0127573935741981,0.015904025580652,0.0659120894647143,0.0013430632067406,-0.3343189049598218,-0.2272169880959906,0.2075078017619803,0.0432590885779045,3477.635084041861,0.0290101652655988,0.1396785735010314,1,0,models/causal_estimates_v1/track2_v1/track2_estimates_v1.csv,630.0,3.206615621346039,0.016059138911412984,0.01632124403660388,0.1198543762761537,0.048247293239586354,11.985437627615369,4.8247293239586355,cinelli_hazlett_numeric_minimal_reporting_v1,"Computed from estimate, standard error, and assumed final-stage dof = sample_n - 2 using the sensemakr numeric formulas."
track2,main,belonging_stance,joint_continuous,Joint continuous treatments,H3,ipw,ipw_weight_v1,632,5,lightgbm_regressor,crossfit_plr_residual_ols_hc3_v1,primary,,30,age_at_first_exposure,0.017765020267067,0.0092660419805563,-0.0003960882940594,0.0359261288281936,0.0552102724768018,0.0931907852808224,0.9956737825344936,0.2075078017619803,0.0149465215524977,3477.635084041861,0.2710322467043001,1.0,0,0,models/causal_estimates_v1/track2_v1/track2_estimates_v1.csv,630.0,1.9172177618388526,0.005800638729568585,0.00583448245446092,0.0735222299302728,0.0,7.352222993027279,0.0,cinelli_hazlett_numeric_minimal_reporting_v1,"Computed from estimate, standard error, and assumed final-stage dof = sample_n - 2 using the sensemakr numeric formulas."
track2,main,belonging_stance,joint_continuous,Joint continuous treatments,H3,ipw,ipw_weight_v1,632,5,lightgbm_regressor,crossfit_plr_residual_ols_hc3_v1,primary,,30,total_days_incarcerated,4.932547311482061e-06,5.912857673697383e-06,-6.656440774676097e-06,1.6521535397640217e-05,0.4041643424754189,0.0931907852808224,-0.145933389152562,0.2075078017619803,0.0149465215524977,3477.635084041861,0.7365933213585568,1.0,0,0,models/causal_estimates_v1/track2_v1/track2_estimates_v1.csv,630.0,0.8342070084696759,0.0011033864838968096,0.0011046052904443268,0.03268788882017475,0.0,3.2687888820174753,0.0,cinelli_hazlett_numeric_minimal_reporting_v1,"Computed from estimate, standard error, and assumed final-stage dof = sample_n - 2 using the sensemakr numeric formulas."
track2,main,belonging_stance,joint_continuous,Joint continuous treatments,H3,ipw,ipw_weight_v1,632,5,lightgbm_regressor,crossfit_plr_residual_ols_hc3_v1,primary,,30,severity_index_v2,-0.0001256528011776,0.0182716696273877,-0.035937467208272,0.0356861616059167,0.994513055352366,0.0931907852808224,-0.2272169880959906,0.2075078017619803,0.0149465215524977,3477.635084041861,0.994513055352366,1.0,0,0,models/causal_estimates_v1/track2_v1/track2_estimates_v1.csv,630.0,-0.006876919501065025,7.506669567313114e-08,7.506670130814036e-08,0.00027394550027897194,0.0,0.027394550027897195,0.0,cinelli_hazlett_numeric_minimal_reporting_v1,"Computed from estimate, standard error, and assumed final-stage dof = sample_n - 2 using the sensemakr numeric formulas."
track2,main,how_multimodal_score_mean,joint_continuous,Joint continuous treatments,H3,ipw,ipw_weight_v1,632,5,lightgbm_regressor,crossfit_plr_residual_ols_hc3_v1,primary,,30,age_at_first_exposure,0.0177142955776383,0.0174096876999245,-0.0164080652963037,0.0518366564515804,0.3089173161790555,-0.1763078223829672,0.9956737825344936,0.2075078017619803,0.0067268724151777,3477.635084041861,0.6541778460262352,1.0,0,0,models/causal_estimates_v1/track2_v1/track2_estimates_v1.csv,630.0,1.0174964584640493,0.0016406357054145667,0.0016433318142648934,0.03972468965200304,0.0,3.9724689652003042,0.0,cinelli_hazlett_numeric_minimal_reporting_v1,"Computed from estimate, standard error, and assumed final-stage dof = sample_n - 2 using the sensemakr numeric formulas."
track2,main,how_multimodal_score_mean,joint_continuous,Joint continuous treatments,H3,ipw,ipw_weight_v1,632,5,lightgbm_regressor,crossfit_plr_residual_ols_hc3_v1,primary,,30,total_days_incarcerated,-5.568153217406437e-06,1.2421761586798597e-05,-2.9914358552074795e-05,1.8778052117261924e-05,0.6539670541005654,-0.1763078223829672,-0.145933389152562,0.2075078017619803,0.0067268724151777,3477.635084041861,0.9562827677643412,1.0,0,0,models/causal_estimates_v1/track2_v1/track2_estimates_v1.csv,630.0,-0.4482579365654603,0.0003188430331942744,0.00031894472649829245,0.017700263299210497,0.0,1.7700263299210497,0.0,cinelli_hazlett_numeric_minimal_reporting_v1,"Computed from estimate, standard error, and assumed final-stage dof = sample_n - 2 using the sensemakr numeric formulas."
track2,main,how_multimodal_score_mean,joint_continuous,Joint continuous treatments,H3,ipw,ipw_weight_v1,632,5,lightgbm_regressor,crossfit_plr_residual_ols_hc3_v1,primary,,30,severity_index_v2,0.0429441392186785,0.0382762582220299,-0.0320759483594552,0.1179642267968123,0.2618826853826871,-0.1763078223829672,-0.2272169880959906,0.2075078017619803,0.0067268724151777,3477.635084041861,0.5899631532012071,1.0,0,0,models/causal_estimates_v1/track2_v1/track2_estimates_v1.csv,630.0,1.1219523854597155,0.0019940746977197095,0.001998058976569438,0.04371178616618418,0.0,4.371178616618418,0.0,cinelli_hazlett_numeric_minimal_reporting_v1,"Computed from estimate, standard error, and assumed final-stage dof = sample_n - 2 using the sensemakr numeric formulas."
track2,main,authority_stance,joint_continuous,Joint continuous treatments,H3,rake,rake_weight_v1,632,5,lightgbm_regressor,crossfit_plr_residual_ols_hc3_v1,primary,,30,age_at_first_exposure,-0.0011101584151008,0.0058302830603696,-0.0125373032330993,0.0103169864028975,0.84898595141046,-0.3464896241871518,0.9939920942962006,0.199794546401623,0.0409754743227592,3435.418230326603,0.994513055352366,1.0,0,0,models/causal_estimates_v1/track2_v1/track2_estimates_v1.csv,630.0,-0.19041243857385262,5.754731789917e-05,5.7550629783557454e-05,0.007557492397383118,0.0,0.7557492397383118,0.0,cinelli_hazlett_numeric_minimal_reporting_v1,"Computed from estimate, standard error, and assumed final-stage dof = sample_n - 2 using the sensemakr numeric formulas."
track2,main,authority_stance,joint_continuous,Joint continuous treatments,H3,rake,rake_weight_v1,632,5,lightgbm_regressor,crossfit_plr_residual_ols_hc3_v1,primary,,30,total_days_incarcerated,9.132077143229242e-06,4.999587109126483e-06,-6.669335282293909e-07,1.8931087814687876e-05,0.0677650097594357,-0.3464896241871518,-0.1462504614341897,0.199794546401623,0.0409754743227592,3435.418230326603,0.3182009153921329,1.0,0,0,models/causal_estimates_v1/track2_v1/track2_estimates_v1.csv,630.0,1.8265662631538344,0.005267887029769557,0.00529578462490756,0.07017240677101545,0.0,7.017240677101546,0.0,cinelli_hazlett_numeric_minimal_reporting_v1,"Computed from estimate, standard error, and assumed final-stage dof = sample_n - 2 using the sensemakr numeric formulas."
track2,main,authority_stance,joint_continuous,Joint continuous treatments,H3,rake,rake_weight_v1,632,5,lightgbm_regressor,crossfit_plr_residual_ols_hc3_v1,primary,,30,severity_index_v2,0.0381464220914733,0.0141664685094011,0.0103806540249263,0.0659121901580203,0.0070870425235017,-0.3464896241871518,-0.2483579936571416,0.199794546401623,0.0409754743227592,3435.418230326603,0.0850445102820214,0.708704252350179,0,0,models/causal_estimates_v1/track2_v1/track2_estimates_v1.csv,630.0,2.692726282923561,0.011378212661455953,0.011509166404360853,0.10168042800083324,0.028564323443168862,10.168042800083324,2.856432344316886,cinelli_hazlett_numeric_minimal_reporting_v1,"Computed from estimate, standard error, and assumed final-stage dof = sample_n - 2 using the sensemakr numeric formulas."
track2,main,belonging_stance,joint_continuous,Joint continuous treatments,H3,rake,rake_weight_v1,632,5,lightgbm_regressor,crossfit_plr_residual_ols_hc3_v1,primary,,30,age_at_first_exposure,0.0176289479380256,0.0109283297271488,-0.0037901847383644,0.0390480806144158,0.1067136556026035,-0.0457472337876441,0.9939920942962006,0.199794546401623,0.0236382554399841,3435.418230326603,0.3932040721198692,1.0,0,0,models/causal_estimates_v1/track2_v1/track2_estimates_v1.csv,630.0,1.6131420242775738,0.004113528341573102,0.00413051934998468,0.06223703147788828,0.0,6.223703147788829,0.0,cinelli_hazlett_numeric_minimal_reporting_v1,"Computed from estimate, standard error, and assumed final-stage dof = sample_n - 2 using the sensemakr numeric formulas."
track2,main,belonging_stance,joint_continuous,Joint continuous treatments,H3,rake,rake_weight_v1,632,5,lightgbm_regressor,crossfit_plr_residual_ols_hc3_v1,primary,,30,total_days_incarcerated,1.8015140322706813e-07,6.33167611387444e-06,-1.2229705741739364e-05,1.25900085481935e-05,0.9773013291983884,-0.0457472337876441,-0.1462504614341897,0.199794546401623,0.0236382554399841,3435.418230326603,0.994513055352366,1.0,0,0,models/causal_estimates_v1/track2_v1/track2_estimates_v1.csv,630.0,0.02845240343742583,1.2849813033702e-06,1.2849829545492716e-06,0.001132928577024639,0.0,0.1132928577024639,0.0,cinelli_hazlett_numeric_minimal_reporting_v1,"Computed from estimate, standard error, and assumed final-stage dof = sample_n - 2 using the sensemakr numeric formulas."
track2,main,belonging_stance,joint_continuous,Joint continuous treatments,H3,rake,rake_weight_v1,632,5,lightgbm_regressor,crossfit_plr_residual_ols_hc3_v1,primary,,30,severity_index_v2,0.0315280919248631,0.0188547757235551,-0.0054265894298849,0.0684827732796113,0.0944939243044099,-0.0457472337876441,-0.2483579936571416,0.199794546401623,0.0236382554399841,3435.418230326603,0.3779756972176396,1.0,0,0,models/causal_estimates_v1/track2_v1/track2_estimates_v1.csv,630.0,1.672154173940947,0.0044186422502882836,0.004438253303854175,0.06443803970662336,0.0,6.443803970662336,0.0,cinelli_hazlett_numeric_minimal_reporting_v1,"Computed from estimate, standard error, and assumed final-stage dof = sample_n - 2 using the sensemakr numeric formulas."
track2,main,how_multimodal_score_mean,joint_continuous,Joint continuous treatments,H3,rake,rake_weight_v1,632,5,lightgbm_regressor,crossfit_plr_residual_ols_hc3_v1,primary,,30,age_at_first_exposure,0.0028213885704086,0.0178591256327713,-0.0321818544651992,0.0378246316060165,0.8744723862779221,-0.2095359347734029,0.9939920942962006,0.199794546401623,0.0049635016130932,3435.418230326603,0.994513055352366,1.0,0,0,models/causal_estimates_v1/track2_v1/track2_estimates_v1.csv,630.0,0.15798021854056407,3.961390599394262e-05,3.961547531765775e-05,0.006274305993767456,0.0,0.6274305993767456,0.0,cinelli_hazlett_numeric_minimal_reporting_v1,"Computed from estimate, standard error, and assumed final-stage dof = sample_n - 2 using the sensemakr numeric formulas."
track2,main,how_multimodal_score_mean,joint_continuous,Joint continuous treatments,H3,rake,rake_weight_v1,632,5,lightgbm_regressor,crossfit_plr_residual_ols_hc3_v1,primary,,30,total_days_incarcerated,-1.189004417768675e-05,1.2355950209389966e-05,-3.610726158286122e-05,1.2327173227487722e-05,0.3359024530730623,-0.2095359347734029,-0.1462504614341897,0.199794546401623,0.0049635016130932,3435.418230326603,0.6976435563825141,1.0,0,0,models/causal_estimates_v1/track2_v1/track2_estimates_v1.csv,630.0,-0.9622929824248443,0.0014676963266682908,0.0014698536254350821,0.037610786674648074,0.0,3.7610786674648073,0.0,cinelli_hazlett_numeric_minimal_reporting_v1,"Computed from estimate, standard error, and assumed final-stage dof = sample_n - 2 using the sensemakr numeric formulas."
track2,main,how_multimodal_score_mean,joint_continuous,Joint continuous treatments,H3,rake,rake_weight_v1,632,5,lightgbm_regressor,crossfit_plr_residual_ols_hc3_v1,primary,,30,severity_index_v2,0.0554466491286924,0.0386606174999549,-0.0203267687912981,0.131220067048683,0.1515182114595639,-0.2095359347734029,-0.2483579936571416,0.199794546401623,0.0049635016130932,3435.418230326603,0.4675419096466545,1.0,0,0,models/causal_estimates_v1/track2_v1/track2_estimates_v1.csv,630.0,1.4341894339571033,0.003254294565325561,0.003264919575355867,0.05553032968514479,0.0,5.553032968514479,0.0,cinelli_hazlett_numeric_minimal_reporting_v1,"Computed from estimate, standard error, and assumed final-stage dof = sample_n - 2 using the sensemakr numeric formulas."
