narrator_id,flag_name,evidence_source,evidence_type,source_record_id,evidence_excerpt
1,family_separation_flag,transcript,family_separation_keyword,ddr-densho-1000-1-7,"Memories of father's arrest by FBI, subsequent detention, family separation, and preparation for removal"
1,loyalty_conflict_flag,transcript,loyalty_conflict_keyword,ddr-densho-1000-210-5,"Answering the so-called ""loyalty questionnaire"""
1,parental_arrest_flag,transcript,parental_arrest_keyword,ddr-densho-1000-1-7,"Memories of father's arrest by FBI, subsequent detention, family separation, and preparation for removal"
10,parental_arrest_flag,transcript,parental_arrest_keyword,ddr-densho-1000-8-8,A child's memories of father's arrest and detention following the attack on Pearl Harbor<p>This interview was conducted over tw
1008,loyalty_conflict_flag,transcript,loyalty_conflict_keyword,ddr-densho-1000-516-12,"Seeing father's answers on the so-called ""loyalty questionnaire"""
1021,parental_arrest_flag,transcript,parental_arrest_keyword,ddr-densho-1000-533-3,Father is taken to Tule Lake by an individual FBI agent
1032,family_separation_flag,registry,family_dispersion_across_camps,8-minidoka_nakata_1913_tatsuo,"minidoka,tule_lake"
104,parental_arrest_flag,transcript,parental_arrest_keyword,ddr-densho-1000-103-13,"Father's arrest by FBI, impact on the family<p>At the time this interview was taped, Mr. Watanabe was recovering"
1064,loyalty_conflict_flag,transcript,loyalty_conflict_keyword,ddr-phljacl-1-11-3,"Husband's interview about the so-called ""loyalty questionnaire"""
11,loyalty_conflict_flag,transcript,loyalty_conflict_keyword,ddr-densho-1000-9-25,"Discussion about ""draft resisters"" vs. ""no-no boys"""
11,parental_arrest_flag,transcript,parental_arrest_keyword,ddr-densho-1000-9-9,Witnessing pick-up of father by the FBI after the bombing of Pearl Harbor
114,loyalty_conflict_flag,transcript,loyalty_conflict_keyword,ddr-densho-1000-116-4,"Responding to the so-called ""loyalty questionnaire"" at Tule Lake concentration camp, California<p>This interview is part of a collaborative"
117,loyalty_conflict_flag,transcript,loyalty_conflict_keyword,ddr-densho-1000-119-6,"Responding ""no-no"" to so-called ""loyalty questionnaire""<p>This interview took place at the 2000 Tule Lake Pilgrimage in Klamath Falls, Oregon."
117,parental_arrest_flag,transcript,parental_arrest_keyword,ddr-densho-1000-119-3,"Father picked up by FBI, detained at federal detention center in Lordsburg, New Mexico<p>This interview took plac"
118,loyalty_conflict_flag,transcript,loyalty_conflict_keyword,ddr-densho-1000-120-6,"Controversy over the so-called ""loyalty questionnaire"": ""I know my civil rights were denied""<p>This interview took place at the 2000 Tule Lake"
119,loyalty_conflict_flag,transcript,loyalty_conflict_keyword,ddr-densho-1000-121-4,"Administering the so-called ""loyalty questionnaire"" to camp inmates<p>This interview took place at the 2000 Tule Lake Pilgrimage in Klamath"
12,family_separation_flag,transcript,family_separation_keyword,ddr-densho-1000-10-14,Father's arrest by the FBI following Pearl Harbor: a short goodbye and a three-year separation
12,parental_arrest_flag,transcript,parental_arrest_keyword,ddr-densho-1000-10-14,Father's arrest by the FBI following Pearl Harbor: a short goodbye and a three-year separation
121,loyalty_conflict_flag,transcript,loyalty_conflict_keyword,ddr-densho-1000-123-19,"The difficulty of responding to the so-called ""loyalty questionnaire""<p>As a teenager prior to World War II, began keeping scrapbooks with newspaper articles"
124,loyalty_conflict_flag,transcript,loyalty_conflict_keyword,ddr-densho-1000-129-20,"Niseis' reaction to the so-called ""loyalty questionnaire"": ""Mostly, it was a confusion that developed gradually into anger""; deciding to answer ""y"
125,loyalty_conflict_flag,transcript,loyalty_conflict_keyword,ddr-densho-1000-130-11,"Receiving draft classification 1-A; responding to so-called ""loyalty questionnaire"" with a qualified answer"
129,parental_arrest_flag,transcript,parental_arrest_keyword,ddr-densho-1000-135-10::narrator_129,"Tosh's memory of father's love of early movie cameras, and discussion of items taken by the FBI during wartime raid"
13,family_separation_flag,transcript,family_separation_keyword,ddr-densho-1000-11-9,Separation from siblings caught in Japan during the war<p>This interview was done outdoors in the Bainbridge Garde
130,parental_arrest_flag,transcript,parental_arrest_keyword,ddr-densho-1000-135-10::narrator_130,"Tosh's memory of father's love of early movie cameras, and discussion of items taken by the FBI during wartime raid"
131,parental_arrest_flag,transcript,parental_arrest_keyword,ddr-densho-1000-135-10::narrator_131,"Tosh's memory of father's love of early movie cameras, and discussion of items taken by the FBI during wartime raid"
133,parental_arrest_flag,transcript,parental_arrest_keyword,ddr-densho-1000-140-17,"Memories of December 7, 1941: father taken by the FBI"
139,loyalty_conflict_flag,transcript,loyalty_conflict_keyword,ddr-densho-1002-4-5,"Discussion of decision in camp to renounce U.S. citizenship, family's near-deportation to Japan<p>This interview was conducted by si"
142,loyalty_conflict_flag,transcript,loyalty_conflict_keyword,ddr-densho-1002-9-5,"Frustration with the ""ambiguous"" and ""senseless"" questions on the so-called ""loyalty questionnaire""; posting suggested answers<p>This interview was conducted by sisters Emiko and Chizuko O"
145,loyalty_conflict_flag,transcript,loyalty_conflict_keyword,ddr-densho-1000-146-21,"Thoughts on the so-called ""loyalty questionnaire"""
147,parental_arrest_flag,transcript,parental_arrest_keyword,ddr-densho-1000-148-17,"FBI picks up father, ransacks family home"
150,loyalty_conflict_flag,transcript,loyalty_conflict_keyword,ddr-densho-1000-152-20,"Remembering family's discussions involving the so-called ""loyalty questionnaire"""
164,loyalty_conflict_flag,transcript,loyalty_conflict_keyword,ddr-densho-122-22-1,"Discussion of the so-called ""loyalty questionnaire"" and the problems it posed for the Issei and Nisei<p>This interview was conducted by film"
170,loyalty_conflict_flag,transcript,loyalty_conflict_keyword,ddr-densho-1000-154-18,"The so-called ""loyalty questionnaire"": mother wants Arthur to answer ""no-no"" to questions 27 and 28, has his answers changed b"
178,loyalty_conflict_flag,transcript,loyalty_conflict_keyword,ddr-densho-1000-164-21,"The confusing questions 27 and 28 on the so-called ""loyalty questionnaire"""
178,parental_arrest_flag,transcript,parental_arrest_keyword,ddr-densho-1000-164-11,Father's arrest by the FBI: targeted because of childhood friendship with Japanese admiral
18,loyalty_conflict_flag,transcript,loyalty_conflict_keyword,ddr-densho-1002-8-15,"Discussion of the so-called ""loyalty questionnaire"": confusion over the nature of the questions<p>This interview was conducted by sisters Em"
180,family_separation_flag,registry,family_dispersion_across_camps,10-tulelake_yamakido_1922_joe,"jerome,tule_lake"
181,loyalty_conflict_flag,transcript,loyalty_conflict_keyword,ddr-densho-1000-168-13,"Thoughts on the so-called ""loyalty questionnaire"": ""I thought it was just unreasonable"""
185,loyalty_conflict_flag,transcript,loyalty_conflict_keyword,ddr-densho-1000-171-19,"Conflict in camp: father's considers going to Japan, the so-called ""loyalty questionnaire"""
19,parental_arrest_flag,transcript,parental_arrest_keyword,ddr-densho-1000-19-5,"Prosecutor subpoenas parents as witnesses, holds them in the King County jail"
192,parental_arrest_flag,transcript,parental_arrest_keyword,ddr-jamsj-2-4-10,"Returning to school after Pearl Harbor: classmates ""turned against me""; father taken in FBI raid<p>This interview was conducted by the Japanese American Museum of San Jose, and is p"
193,loyalty_conflict_flag,transcript,loyalty_conflict_keyword,ddr-jamsj-2-5-8,"Thoughts on the so-called ""loyalty questionnaire"" and draft resisters<p>This interview was conducted by the Japanese American Museum of Sa"
197,family_separation_flag,transcript,family_separation_keyword,ddr-densho-1006-1-7,"Losing mother to cancer, siblings get split up<p>This interview was conducted by the JC Legacy Project, a project of the Japanese Canadi"
214,loyalty_conflict_flag,transcript,loyalty_conflict_keyword,ddr-densho-1000-189-23,"Answering the so-called ""loyalty questionnaire"""
233,loyalty_conflict_flag,transcript,loyalty_conflict_keyword,ddr-manz-1-4-10,"Recollections of the so-called ""loyalty questionnaire"""
234,loyalty_conflict_flag,transcript,loyalty_conflict_keyword,ddr-manz-1-5-13,"The unfairness of the so-called ""loyalty questionnaire"""
235,loyalty_conflict_flag,transcript,loyalty_conflict_keyword,ddr-densho-1000-299-22,"Initially answering ""no-no"" on the so-called ""loyalty questionnaire"" before changing answers<p>This material is based upon work assisted by a grant from the"
238,loyalty_conflict_flag,transcript,loyalty_conflict_keyword,ddr-manz-1-9-5,"Observing tensions during the period of registration and so-called ""loyalty questionnaire"""
245,parental_arrest_flag,transcript,parental_arrest_keyword,ddr-densho-1001-4-6,Father's arrest by the FBI
246,parental_arrest_flag,transcript,parental_arrest_keyword,ddr-densho-1001-5-3,Memories of the FBI arrest of father<p>This material is based upon work assisted by a grant from the Department of the Interio
249,parental_arrest_flag,transcript,parental_arrest_keyword,ddr-densho-1001-9-3,"Witnessing FBI's arrest of father, visiting him in the immigration building"
250,parental_arrest_flag,transcript,parental_arrest_keyword,ddr-densho-1001-10-2,Father's arrest by the FBI
254,parental_arrest_flag,transcript,parental_arrest_keyword,ddr-densho-1001-14-5,Father's arrest by the FBI following the bombing of Pearl Harbor
26,family_separation_flag,registry,family_dispersion_across_camps,4-amache_homma_1911_mutsu,"amache,heart_mountain"
268,loyalty_conflict_flag,transcript,loyalty_conflict_keyword,ddr-densho-1001-26-6,"Signing the so-called ""loyalty questionnaire""<p>This material is based upon work assisted by a grant from the Department of the Interi"
268,parental_arrest_flag,transcript,parental_arrest_keyword,ddr-densho-1001-26-2,Father's arrest by the FBI after the bombing of Pearl Harbor<p>This material is based upon work assisted by a grant
27,family_separation_flag,registry,family_dispersion_across_camps,8-minidoka_hori_1918_takashi,"jerome,minidoka"
284,loyalty_conflict_flag,transcript,loyalty_conflict_keyword,ddr-densho-1001-33-4,"Answering the so-called ""loyalty questionnaire""<p>This material is based upon work assisted by a grant from the Department of the Interi"
286,parental_arrest_flag,transcript,parental_arrest_keyword,ddr-densho-1001-36-7,Father's arrest by FBI and preparation for camp<p>This material is based upon work assisted by a grant from the
287,loyalty_conflict_flag,transcript,loyalty_conflict_keyword,ddr-densho-1000-202-10,"Thoughts on the so-called ""loyalty questionnaire"""
289,parental_arrest_flag,transcript,parental_arrest_keyword,ddr-densho-1000-204-11,"Visiting father after his arrest by FBI and asking guard, ""What sort of justice is this?"""
292,loyalty_conflict_flag,transcript,loyalty_conflict_keyword,ddr-densho-1000-207-20,"Confusion over the so-called ""loyalty questionnaire"""
293,parental_arrest_flag,transcript,parental_arrest_keyword,ddr-densho-1000-208-25,Father's arrest by the FBI
294,loyalty_conflict_flag,transcript,loyalty_conflict_keyword,ddr-densho-1000-487-17,"Introduction of the so-called ""loyalty questionnaire"" in camp"
296,parental_arrest_flag,transcript,parental_arrest_keyword,ddr-densho-1000-211-18,Father's detention by the FBI
299,family_separation_flag,transcript,family_separation_keyword,ddr-densho-1000-213-14,The difficulty of being separated from father
299,parental_arrest_flag,transcript,parental_arrest_keyword,ddr-densho-1000-213-8,Father's pick-up by the FBI: taking belongings to him but not being allowed to see him
300,family_separation_flag,transcript,family_separation_keyword,ddr-densho-1000-214-4,Marriage and separation of parents
307,loyalty_conflict_flag,transcript,loyalty_conflict_keyword,ddr-manz-1-29-22,Dealing with Hawaiians and the 'no-no' issue
312,loyalty_conflict_flag,transcript,loyalty_conflict_keyword,ddr-densho-1013-2-15,"Being asked to sign the so-called ""loyalty questionnaire"" outside of camp"
312,parental_arrest_flag,transcript,parental_arrest_keyword,ddr-densho-1013-2-12,"Family's fears that father would be arrested by the FBI: ""Dad was petrified"""
314,parental_arrest_flag,transcript,parental_arrest_keyword,ddr-densho-1013-4-8,Difficulties after father's pickup by FBI; preparing for mass removal
321,parental_arrest_flag,transcript,parental_arrest_keyword,ddr-densho-1000-221-6,Father's arrest by the FBI on the day Pearl Harbor was bombed
324,loyalty_conflict_flag,transcript,loyalty_conflict_keyword,ddr-densho-1000-469-9,"Finding out many years later that mother had answered ""no-no"" to the so-called ""loyalty questions"""
325,loyalty_conflict_flag,transcript,loyalty_conflict_keyword,ddr-janm-13-6-13,"Father chooses to take family to Japan in response to the so-called ""loyalty questionnaire"""
328,loyalty_conflict_flag,transcript,loyalty_conflict_keyword,ddr-densho-1015-2-19,"Witnessing tensions caused by the so-called ""loyalty questionnaire"""
330,loyalty_conflict_flag,transcript,loyalty_conflict_keyword,ddr-densho-1015-4-22,"Observing the impact of the so-called ""loyalty questionnaire"""
330,parental_arrest_flag,transcript,parental_arrest_keyword,ddr-densho-1015-4-15,Father's arrest by the FBI: feeling stunned
334,loyalty_conflict_flag,transcript,loyalty_conflict_keyword,ddr-densho-1015-7-24,"The effects of the so-called ""loyalty questionnaire"""
335,loyalty_conflict_flag,transcript,loyalty_conflict_keyword,ddr-densho-1013-7-24,"Answering ""no-no"" on the so-called ""loyalty questionnaire"" because mother wanted to go to Japan"
338,parental_arrest_flag,transcript,parental_arrest_keyword,ddr-densho-1000-226-13,Father's arrest by the FBI; preparing for mass removal
339,loyalty_conflict_flag,transcript,loyalty_conflict_keyword,ddr-manz-1-32-14,"The controversy over the so-called ""loyalty questionnaire"""
344,family_separation_flag,transcript,family_separation_keyword,ddr-manz-1-37-8,"Parents' separation, caring for younger brother"
344,parental_arrest_flag,transcript,parental_arrest_keyword,ddr-manz-1-37-12,Witnessing the arrest of father by FBI
350,loyalty_conflict_flag,transcript,loyalty_conflict_keyword,ddr-manz-1-43-25::narrator_350,"The controversy surrounding the so-called ""loyalty questionnaire"""
350,parental_arrest_flag,transcript,parental_arrest_keyword,ddr-manz-1-43-10::narrator_350,Father's arrest by the FBI
351,loyalty_conflict_flag,transcript,loyalty_conflict_keyword,ddr-manz-1-43-25::narrator_351,"The controversy surrounding the so-called ""loyalty questionnaire"""
351,parental_arrest_flag,transcript,parental_arrest_keyword,ddr-manz-1-43-10::narrator_351,Father's arrest by the FBI
352,loyalty_conflict_flag,transcript,loyalty_conflict_keyword,ddr-manz-1-43-25::narrator_352,"The controversy surrounding the so-called ""loyalty questionnaire"""
352,parental_arrest_flag,transcript,parental_arrest_keyword,ddr-manz-1-43-10::narrator_352,Father's arrest by the FBI
357,loyalty_conflict_flag,transcript,loyalty_conflict_keyword,ddr-densho-1015-9-20,"Answering ""no-no"" on the so-called ""loyalty questionnaire,"" then changing to ""yes-yes"""
362,parental_arrest_flag,transcript,parental_arrest_keyword,ddr-manz-1-44-4,The FBI's influence in father's firing from railroad job
366,loyalty_conflict_flag,transcript,loyalty_conflict_keyword,ddr-manz-1-48-21,"Thoughts on the so-called ""loyalty questionnaire"""
367,loyalty_conflict_flag,transcript,loyalty_conflict_keyword,ddr-manz-1-49-15,"Dealing with the so-called ""loyalty questionnaire"""
368,loyalty_conflict_flag,transcript,loyalty_conflict_keyword,ddr-manz-1-50-13,"Choosing to sign 'yes-yes' on the so-called ""loyalty questionnaire"""
372,parental_arrest_flag,transcript,parental_arrest_keyword,ddr-densho-1000-236-10,Father expecting to be picked up by the FBI following the bombing of Pearl Harbor
376,parental_arrest_flag,transcript,parental_arrest_keyword,ddr-manz-1-53-7,Father's arrest after leaving camp temporarily without his permit papers
378,loyalty_conflict_flag,transcript,loyalty_conflict_keyword,ddr-manz-1-57-22,"Volunteering for the army after initially answering ""no-no"" on the ""loyalty questionnaire"""
380,parental_arrest_flag,transcript,parental_arrest_keyword,ddr-manz-1-59-15,Father's avoidance of the FBI round up
381,parental_arrest_flag,transcript,parental_arrest_keyword,ddr-manz-1-60-22,Father's arrest by the FBI
384,loyalty_conflict_flag,transcript,loyalty_conflict_keyword,ddr-manz-1-62-12,"The so-called ""loyalty questionnaire"" and transfer to Tule Lake, California"
385,loyalty_conflict_flag,transcript,loyalty_conflict_keyword,ddr-manz-1-63-19,"Thoughts on the so-called ""loyalty questionnaire"""
385,parental_arrest_flag,transcript,parental_arrest_keyword,ddr-manz-1-63-12,"Hearing about the bombing of Pearl Harbor, father's arrest by the FBI"
387,loyalty_conflict_flag,transcript,loyalty_conflict_keyword,ddr-densho-1000-248-2,"The so-called ""loyalty questionnaire"" creates a split in the family"
390,loyalty_conflict_flag,transcript,loyalty_conflict_keyword,ddr-densho-1000-243-13,"Feeling ""disloyal"" to the U.S. while working for the Japanese military"
391,family_separation_flag,transcript,family_separation_keyword,ddr-densho-1000-244-5,"Returning to Hawaii, separation of parents"
391,parental_arrest_flag,transcript,parental_arrest_keyword,ddr-densho-1000-244-2,Father's arrest by the FBI
392,family_separation_flag,transcript,family_separation_keyword,ddr-densho-1000-245-17,Father and oldest brother separated from family and sent to Santa Fe
392,parental_arrest_flag,transcript,parental_arrest_keyword,ddr-densho-1000-245-9,Father's arrest by the FBI: casual attitude
393,parental_arrest_flag,transcript,parental_arrest_keyword,ddr-densho-1000-246-6,Father's arrest and internment in Sand Island
400,parental_arrest_flag,transcript,parental_arrest_keyword,ddr-densho-1014-6-16,Father's arrest by the FBI
402,loyalty_conflict_flag,transcript,loyalty_conflict_keyword,ddr-densho-1014-8-14,"Filling out the so-called ""loyalty questionnaire"""
402,parental_arrest_flag,transcript,parental_arrest_keyword,ddr-densho-1014-8-7,"Father's involvement in community activities, arrest by the FBI following the bombing of Pearl Harbor"
409,parental_arrest_flag,transcript,parental_arrest_keyword,ddr-densho-1000-254-7,"Father's pickup by the FBI, leaving for a camp on the mainland to be reunited"
410,parental_arrest_flag,transcript,parental_arrest_keyword,ddr-densho-1000-256-4,Memories of father's arrest by FBI and detainment at Sand Island
411,loyalty_conflict_flag,transcript,loyalty_conflict_keyword,ddr-densho-1000-257-9,"Impact of the so-called ""loyalty questionnaire"""
411,parental_arrest_flag,transcript,parental_arrest_keyword,ddr-densho-1000-257-4,Hearing about the bombing of Pearl Harbor while teaching Sunday school; father's arrest by the FBI
413,loyalty_conflict_flag,transcript,loyalty_conflict_keyword,ddr-densho-1000-259-16,"Answering ""no-no"" on the so-called ""loyalty questionnaire""<p>This material is based upon work assisted by a grant from the Department of the Interi"
414,parental_arrest_flag,transcript,parental_arrest_keyword,ddr-densho-1000-260-15,Hearing about the FBI arrest of father while in basic training<p>This material is based upon work assisted by a grant from the D
417,loyalty_conflict_flag,transcript,loyalty_conflict_keyword,ddr-densho-1000-263-5,Advising people not to renounce their citizenship<p>This material is based upon work assisted by a grant from the Departm
418,parental_arrest_flag,transcript,parental_arrest_keyword,ddr-densho-1000-264-3,"Witnessing father's arrest by the FBI: ""it was just very intense"""
42,loyalty_conflict_flag,transcript,loyalty_conflict_keyword,ddr-densho-1000-35-15,"Stories of different responses and reactions to the so-called ""loyalty questionnaire"""
42,parental_arrest_flag,transcript,parental_arrest_keyword,ddr-densho-1001-25-4,Father's arrest by the FBI following the bombing of Pearl Harbor
421,parental_arrest_flag,transcript,parental_arrest_keyword,ddr-densho-1000-267-19,Finding out after the fact about father's arrest by the FBI
424,loyalty_conflict_flag,transcript,loyalty_conflict_keyword,ddr-densho-1010-2-21,"Little talk amongst family members about the so-called ""loyalty questionnaire""<p>This material is based upon work assisted by a grant from the Department of the Interi"
425,family_separation_flag,transcript,family_separation_keyword,ddr-densho-1000-269-17,"Family split up, brothers sent to Department of Justice camps"
425,loyalty_conflict_flag,transcript,loyalty_conflict_keyword,ddr-densho-1000-269-21,Feeling obligated to renounce citizenship due to family's wishes
427,parental_arrest_flag,transcript,parental_arrest_keyword,ddr-densho-1010-4-10,Father's arrest by the FBI<p>This material is based upon work assisted by a grant from the Department of the Interio
429,loyalty_conflict_flag,transcript,loyalty_conflict_keyword,ddr-densho-1000-270-16,"Reasons for refusing to sign the so-called ""loyalty questionnaire"""
43,family_separation_flag,registry,family_dispersion_across_camps,1-topaz_kiyota_1923_minoru,"topaz,tule_lake"
43,loyalty_conflict_flag,transcript,loyalty_conflict_keyword,ddr-densho-1000-36-9,"Description of FBI interrogation in camp, and impact on response to the so-called ""loyalty questionnaire""<p>This interview was conducted at the 1998 Tule Lake Pilgrimage held at Klamath Falls, O"
435,loyalty_conflict_flag,transcript,loyalty_conflict_keyword,ddr-manz-1-70-19,"Thoughts on the so-called ""loyalty questionnaire"""
438,loyalty_conflict_flag,transcript,loyalty_conflict_keyword,ddr-manz-1-73-24,"Refusing to answer the so-called ""loyalty questions,"" and being termed ""no-no"""
44,loyalty_conflict_flag,transcript,loyalty_conflict_keyword,ddr-densho-1000-37-7,"The family decision to answer ""no-no"" on the so-called ""loyalty questionnaire"""
441,loyalty_conflict_flag,transcript,loyalty_conflict_keyword,ddr-manz-1-76-17,"Answering the so-called ""loyalty questionnaire"""
448,family_separation_flag,registry,family_dispersion_across_camps,10-tulelake_saito_1914_margaret,"topaz,tule_lake"
456,loyalty_conflict_flag,transcript,loyalty_conflict_keyword,ddr-densho-1010-7-20,"Signing the so-called ""loyalty questionnaire""<p>This material is based upon work assisted by a grant from the Department of the Interi"
457,family_separation_flag,transcript,family_separation_keyword,ddr-densho-1010-8-24,Separated from family and sent to Santa Fe<p>This material is based upon work assisted by a grant from the Depa
457,loyalty_conflict_flag,transcript,loyalty_conflict_keyword,ddr-densho-1010-8-21,"Signing ""no-no"" on the so-called ""loyalty questionnaire,"" attending meetings of other resisters<p>This material is based upon work assisted by a"
459,loyalty_conflict_flag,transcript,loyalty_conflict_keyword,ddr-densho-1010-10-19,"Problems caused by the so-called ""loyalty questionnaire""<p>This material is based upon work assisted by a grant from the Department of the Interi"
46,family_separation_flag,transcript,family_separation_keyword,ddr-densho-1000-38-1,"Separation of the family after father's death, five children sent to five different locations"
461,loyalty_conflict_flag,transcript,loyalty_conflict_keyword,ddr-densho-1004-1-4,Renouncing American citizenship in order to attend school in Japan<p>This material is based upon wor
482,parental_arrest_flag,transcript,parental_arrest_keyword,ddr-densho-1000-279-23,"Paul Minerich: Learning about father-in-law's wartime army imprisonment<p>Participating in this interview is Mr. Paul Minerich, who is Mr. Nomiyama's son-in-law."
485,parental_arrest_flag,transcript,parental_arrest_keyword,ddr-densho-1000-282-9,Father's arrested by the FBI<p>This material is based upon work assisted by a grant from the Department of the Interio
486,parental_arrest_flag,transcript,parental_arrest_keyword,ddr-densho-1000-283-12,Father's arrest by the FBI on the night that Pearl Harbor was bombed<p>This material is based upon work assisted by
487,parental_arrest_flag,transcript,parental_arrest_keyword,ddr-densho-1000-284-16,Father's arrest by a Japanese American police officer<p>This material is based upon work assisted by a gr
489,loyalty_conflict_flag,transcript,loyalty_conflict_keyword,ddr-densho-1000-286-15,"Uproar in camp over the so-called ""loyalty questionnaire"" (audio-only)"
489,parental_arrest_flag,transcript,parental_arrest_keyword,ddr-densho-1000-286-8,Uncertainty following the arrest of father by FBI (audio-only)
490,parental_arrest_flag,transcript,parental_arrest_keyword,ddr-densho-1000-287-12,"After the bombing of Pearl Harbor, father hides funds collected to build the church before being arrested by the FBI<p>This material is based upon work assisted by a grant from the Department of the Interio"
491,loyalty_conflict_flag,transcript,loyalty_conflict_keyword,ddr-manz-1-87-21,"Being in camp when the so-called ""loyalty questionnaire"" was issued"
497,loyalty_conflict_flag,transcript,loyalty_conflict_keyword,ddr-manz-1-93-14,"Family answers ""no-no"" on the so-called ""loyalty questionnaire"""
501,loyalty_conflict_flag,transcript,loyalty_conflict_keyword,ddr-manz-1-97-16,"Thoughts on the so-called ""loyalty questionnaire"""
501,parental_arrest_flag,transcript,parental_arrest_keyword,ddr-manz-1-97-7,Father's arrest by the FBI following the bombing of Pearl Harbor
505,loyalty_conflict_flag,transcript,loyalty_conflict_keyword,ddr-densho-1000-290-22,"Answering the so-called ""loyalty questionnaire"" and deciding to resist the draft<p>This material is based upon work assisted by a grant"
508,loyalty_conflict_flag,transcript,loyalty_conflict_keyword,ddr-densho-1000-292-17,"Refusing to sign the so-called ""loyalty questionnaire"": ""I thought it was a stupid question"""
510,loyalty_conflict_flag,transcript,loyalty_conflict_keyword,ddr-densho-1000-462-4,Oldest brother's decision to renounce U.S. citizenship and go to Japan
514,parental_arrest_flag,transcript,parental_arrest_keyword,ddr-densho-1000-298-9,Witnessing the arrest of father by the FBI<p>This material is based upon work assisted by a grant from the Department of the Interio
516,loyalty_conflict_flag,transcript,loyalty_conflict_keyword,ddr-densho-1000-303-8,"Signing ""no-no"" on the so-called ""loyalty questionnaire"" and being transferred to Tule Lake<p>This material is based upon work assisted by a gran"
522,loyalty_conflict_flag,transcript,loyalty_conflict_keyword,ddr-densho-1000-306-15,"Deciding to answer ""no-no"" on the so-called ""loyalty questionnaire"""
526,parental_arrest_flag,transcript,parental_arrest_keyword,ddr-jamsj-2-12-12,Father's arrest by FBI despite serious health problems
532,loyalty_conflict_flag,transcript,loyalty_conflict_keyword,ddr-manz-1-102-16,"Thoughts on the so-called ""loyalty questionnaire"""
536,loyalty_conflict_flag,transcript,loyalty_conflict_keyword,ddr-manz-1-106-15,"Answering the so-called ""loyalty questionnaire"""
542,parental_arrest_flag,transcript,parental_arrest_keyword,ddr-jamsj-2-13-11,Father decides to take family to Japan after being placed on an FBI watch list
546,parental_arrest_flag,transcript,parental_arrest_keyword,ddr-densho-1000-316-10,"FBI arrest of parents, grandfather and older brother<p>This material is based upon work assisted by a grant fro"
548,parental_arrest_flag,transcript,parental_arrest_keyword,ddr-densho-1000-318-17,Father's arrest and detention by the FBI<p>This material is based upon work assisted by a grant from the Department of the Interio
550,parental_arrest_flag,transcript,parental_arrest_keyword,ddr-densho-1000-320-11,Taking in three children whose parents had been arrested by the FBI<p>This material is based upon work assisted by a grant from the Department of the Interio
551,parental_arrest_flag,transcript,parental_arrest_keyword,ddr-densho-1000-321-11,Father's arrest by the FBI<p>This material is based upon work assisted by a grant from the Department of the Interio
552,parental_arrest_flag,transcript,parental_arrest_keyword,ddr-densho-1000-322-12,"Hearing about the bombing of Pearl Harbor, father's arrest by the FBI<p>This material is based upon work assisted by a grant from the Department of the Interio"
567,loyalty_conflict_flag,transcript,loyalty_conflict_keyword,ddr-densho-1000-329-9,Renouncing Japanese citizenship
569,loyalty_conflict_flag,transcript,loyalty_conflict_keyword,ddr-densho-1000-331-12,"The so-called ""loyalty questionnaire"""
570,parental_arrest_flag,transcript,parental_arrest_keyword,ddr-densho-1000-332-8,Father's arrest by the FBI
572,loyalty_conflict_flag,transcript,loyalty_conflict_keyword,ddr-densho-1000-333-15,"Family's answering ""no-no"" on the so-called ""loyalty questionnaire""<p>This material is based upon work assisted by a grant from the Department of the Interi"
572,parental_arrest_flag,transcript,parental_arrest_keyword,ddr-densho-1000-333-17,Father's arrest and transfer to a Department of Justice camp<p>This material is based upon work assisted
574,loyalty_conflict_flag,transcript,loyalty_conflict_keyword,ddr-densho-1000-335-12,"Family answers ""yes-yes"" on the so-called ""loyalty questionnaire"" and transfers camps<p>This material is based upon work assisted by a grant from the Depa"
576,loyalty_conflict_flag,transcript,loyalty_conflict_keyword,ddr-densho-1000-338-19,"Filling out the so-called ""loyalty questionnaire""<p>This material is based upon work assisted by a grant from the Department of the Interi"
579,parental_arrest_flag,transcript,parental_arrest_keyword,ddr-densho-1000-342-6,Feeling that the FBI was watching father and his hotel business<p>This material is based upon work assisted by a grant from the De
58,loyalty_conflict_flag,transcript,loyalty_conflict_keyword,ddr-densho-1002-1-12,"Differences between Nisei and Kibei in regards to the so-called ""loyalty questionnaire""; personal reactions<p>This interview was conducted by sisters Emiko and Chizuko Omori fo"
580,loyalty_conflict_flag,transcript,loyalty_conflict_keyword,ddr-densho-1000-343-11,"Answering the so-called ""loyalty questionnaire""<p>This material is based upon work assisted by a grant from the Department of the Interi"
582,parental_arrest_flag,transcript,parental_arrest_keyword,ddr-densho-1000-345-8,Father's arrest by FBI after the bombing of Pearl Harbor<p>This material is based upon work assisted by a grant
589,parental_arrest_flag,transcript,parental_arrest_keyword,ddr-densho-1000-353-9,Father's arrest by the FBI<p>This material is based upon work assisted by a grant from the Department of the Interio
592,loyalty_conflict_flag,transcript,loyalty_conflict_keyword,ddr-densho-1000-359-9,"Parents sign ""no-no"" on the so-called ""loyalty questionnaire""<p>This material is based upon work assisted by a grant from the Department of the Interi"
594,loyalty_conflict_flag,transcript,loyalty_conflict_keyword,ddr-densho-1000-363-17,"Answering ""no-yes"" on the so-called ""loyalty questionnaire""<p>This material is based upon work assisted by a grant from the Department of the Interi"
597,loyalty_conflict_flag,transcript,loyalty_conflict_keyword,ddr-manz-1-112-9,"Remembering discussions about the so-called ""loyalty questionnaire"""
601,loyalty_conflict_flag,transcript,loyalty_conflict_keyword,ddr-manz-1-116-19,"Remembering the so-called ""loyalty questionnaire"""
602,loyalty_conflict_flag,transcript,loyalty_conflict_keyword,ddr-manz-1-117-13,"Remembering the so-called ""loyalty questionnaire"""
605,loyalty_conflict_flag,transcript,loyalty_conflict_keyword,ddr-manz-1-121-14,"Answering the so-called ""loyalty questionnaire"""
612,parental_arrest_flag,transcript,parental_arrest_keyword,ddr-densho-1000-370-6,Hearing about the bombing of Pearl Harbor; father's arrest by the FBI<p>This material is based upon work assisted by a grant from the Department of the Interio
619,loyalty_conflict_flag,transcript,loyalty_conflict_keyword,ddr-densho-1000-377-16,"Family signs ""no-no"" on the so-called ""loyalty questionnaire""<p>This material is based upon work assisted by a grant from the Department of the Interi"
623,loyalty_conflict_flag,transcript,loyalty_conflict_keyword,ddr-densho-1003-3-9,"Family transfers to Tule Lake after filling out the so-called ""loyalty questionnaire""<p>This material is based upon work assisted by a grant from the Department of the Interi"
625,loyalty_conflict_flag,transcript,loyalty_conflict_keyword,ddr-densho-1000-381-14,"Thoughts on the so-called ""loyalty questionnaire""<p>This material is based upon work assisted by a grant from the Department of the Interi"
627,loyalty_conflict_flag,transcript,loyalty_conflict_keyword,ddr-densho-1003-5-17,"Thoughts on the so-called ""loyalty questionnaire""<p>This material is based upon work assisted by a grant from the Department of the Interi"
632,loyalty_conflict_flag,transcript,loyalty_conflict_keyword,ddr-densho-1000-385-11,"Remembering the so-called ""loyalty questionnaire""<p>This material is based upon work assisted by a grant from the Department of the Interi"
636,parental_arrest_flag,transcript,parental_arrest_keyword,ddr-densho-1000-388-6,Father is arrested by the FBI during World War II<p>This material is based upon work assisted by a grant from the Depar
637,parental_arrest_flag,transcript,parental_arrest_keyword,ddr-densho-1000-389-6,Father is taken away on the day that Pearl Harbor is bombed<p>This material is based upon work assisted by a g
639,parental_arrest_flag,transcript,parental_arrest_keyword,ddr-densho-1000-391-15,Father's arrest by the FBI after the bombing of Pearl Harbor<p>This material is based upon work assisted by a grant
64,loyalty_conflict_flag,transcript,loyalty_conflict_keyword,ddr-densho-1000-65-8,"Christian faith and social justice: dealing with so-called ""loyalty questionnaire,"" and military service"
641,loyalty_conflict_flag,transcript,loyalty_conflict_keyword,ddr-densho-1003-9-14,"The effects of the so-called ""loyalty questionnaire"" on family<p>This material is based upon work assisted by a grant from the Department of"
642,loyalty_conflict_flag,transcript,loyalty_conflict_keyword,ddr-densho-1000-393-17,"Thoughts on the so-called ""loyalty questionnaire""<p>This material is based upon work assisted by a grant from the Department of the Interi"
643,loyalty_conflict_flag,transcript,loyalty_conflict_keyword,ddr-densho-1000-394-24,"Signing ""no-no"" on the so-called ""loyalty questionnaire"" along with family<p>This material is based upon work assisted by a grant from the Depart"
643,parental_arrest_flag,transcript,parental_arrest_keyword,ddr-densho-1000-394-16,"Hearing about the bombing of Pearl Harbor, Father's arrest by the FBI<p>This material is based upon work assisted by a grant from the Department of the Interio"
644,parental_arrest_flag,transcript,parental_arrest_keyword,ddr-densho-1000-395-5,Hearing about the bombing of Pearl Harbor; father's arrest by FBI<p>This material is based upon work assisted by a grant from the Department of the Interio
65,parental_arrest_flag,transcript,parental_arrest_keyword,ddr-densho-1000-66-7,A child's memories of the FBI pick-up and detention of father
651,parental_arrest_flag,transcript,parental_arrest_keyword,ddr-densho-1000-402-5,"Hearing that the FBI was after him, Father decides to move the family inland<p>This material is based upon work assisted by a grant"
652,parental_arrest_flag,transcript,parental_arrest_keyword,ddr-densho-1003-10-12,Hearing about the bombing of Pearl Harbor and coping after father is arrested and removed by the FBI
657,parental_arrest_flag,transcript,parental_arrest_keyword,ddr-densho-1003-11-3,Mother has a nervous breakdown and father is picked up by the FBI after the bombing of Pearl Harbor<p>This material is based upon work assisted by a grant
664,loyalty_conflict_flag,transcript,loyalty_conflict_keyword,ddr-densho-1000-410-7,"Deciding to answer ""no-no"" on the so-called ""loyalty questionnaire""<p>This material is based upon work assisted by a grant from the Department of the Interi"
668,parental_arrest_flag,transcript,parental_arrest_keyword,ddr-densho-1000-413-11,Father's removal as publisher of the Rocky Nippon and arrest by the FBI
673,loyalty_conflict_flag,transcript,loyalty_conflict_keyword,ddr-one-7-4-7,"Unrest surrounding the so-called ""loyalty questionnaire"" in camp<p>This material is based upon work assisted by a grant from the Department of th"
675,parental_arrest_flag,transcript,parental_arrest_keyword,ddr-one-7-6-5,Father's arrest by the FBI after the bombing of Pearl Harbor<p>This material is based upon work assisted by a grant
690,parental_arrest_flag,transcript,parental_arrest_keyword,ddr-one-7-22-9,Hearing about the bombing of Pearl Harbor; father's arrest by the FBI<p>This material is based upon work assisted by a grant from the Department of the Interio
692,loyalty_conflict_flag,transcript,loyalty_conflict_keyword,ddr-one-7-24-7,"Thoughts on the so-called ""loyalty questionnaire"" in camp<p>This material is based upon work assisted by a grant from the Department of th"
694,family_separation_flag,transcript,family_separation_keyword,ddr-one-7-26-13,Family split up by the time of camp<p>This material is based upon work assisted by a grant from the Depar
694,parental_arrest_flag,transcript,parental_arrest_keyword,ddr-one-7-26-10,Father's arrest by the FBI<p>This material is based upon work assisted by a grant from the Department of the Interio
697,parental_arrest_flag,transcript,parental_arrest_keyword,ddr-one-7-30-2,Father's arrest by the FBI<p>This material is based upon work assisted by a grant from the Department of the Interio
699,parental_arrest_flag,transcript,parental_arrest_keyword,ddr-one-7-32-14,"Father's arrest by the FBI: ""We were bitter about it""<p>This material is based upon work assisted by a grant from th"
705,loyalty_conflict_flag,transcript,loyalty_conflict_keyword,ddr-one-7-37-21,"Thoughts on the so-called ""loyalty questionnaire""<p>This material is based upon work assisted by a grant from the Department of the Interi"
708,parental_arrest_flag,transcript,parental_arrest_keyword,ddr-one-7-40-16,Father's arrest by the FBI<p>This material is based upon work assisted by a grant from the Department of the Interio
715,loyalty_conflict_flag,transcript,loyalty_conflict_keyword,ddr-densho-1012-5-4::narrator_715,"Difficulties with the so-called ""loyalty questionnaire"" (audio only)<p>This interview is audio-only. It contains raw footage used by Steven Okaz"
724,loyalty_conflict_flag,transcript,loyalty_conflict_keyword,ddr-densho-1012-5-4::narrator_724,"Difficulties with the so-called ""loyalty questionnaire"" (audio only)<p>This interview is audio-only. It contains raw footage used by Steven Okaz"
731,parental_arrest_flag,transcript,parental_arrest_keyword,ddr-one-7-46-11,Father's arrest by FBI<p>This material is based upon work assisted by a grant from the Department of the Interio
732,parental_arrest_flag,transcript,parental_arrest_keyword,ddr-one-7-47-10,Witnessing father's arrest by FBI at a community program<p>This material is based upon work assisted by a grant from the De
736,family_separation_flag,registry,family_dispersion_across_camps,7-manzanar_takayanagi_1922_jack,"manzanar,poston"
736,loyalty_conflict_flag,transcript,loyalty_conflict_keyword,ddr-manz-1-123-12::narrator_736,"Memories of the so-called ""loyalty questionnaire"""
737,loyalty_conflict_flag,transcript,loyalty_conflict_keyword,ddr-manz-1-123-12::narrator_737,"Memories of the so-called ""loyalty questionnaire"""
742,loyalty_conflict_flag,transcript,loyalty_conflict_keyword,ddr-manz-1-128-10,"Hearing about the so-called ""loyalty questionnaire"""
745,parental_arrest_flag,transcript,parental_arrest_keyword,ddr-manz-1-131-8,Father's arrest by the FBI after the bombing of Pearl Harbor
746,loyalty_conflict_flag,transcript,loyalty_conflict_keyword,ddr-manz-1-132-16,"Family's response to the so-called ""loyalty questionnaire"""
746,parental_arrest_flag,transcript,parental_arrest_keyword,ddr-manz-1-132-5,Father's questioning by the FBI after the bombing of Pearl Harbor
750,loyalty_conflict_flag,transcript,loyalty_conflict_keyword,ddr-manz-1-135-18,"Family's discussion of the draft and the so-called ""loyalty questionnaire"""
753,loyalty_conflict_flag,transcript,loyalty_conflict_keyword,ddr-manz-1-138-12,"Having friends who went to Japan after the so-called ""loyalty questionnaire""<p>This interview has audio problems due to the equipment used during taping."
755,loyalty_conflict_flag,transcript,loyalty_conflict_keyword,ddr-one-7-48-12,"Remembering the so-called ""loyalty questionnaire""<p>This material is based upon work assisted by a grant from the Department of the Interi"
759,parental_arrest_flag,transcript,parental_arrest_keyword,ddr-one-7-52-8,Father's arrest by the FBI following the bombing of Pearl Harbor<p>This material is based upon work assisted by a gr
76,loyalty_conflict_flag,transcript,loyalty_conflict_keyword,ddr-densho-1000-73-24,"Deciding whether to leave: family and the so-called ""loyalty questionnaire"""
761,parental_arrest_flag,transcript,parental_arrest_keyword,ddr-one-7-54-5,Coping with father's arrest after the bombing of Pearl Harbor<p>This material is based upon work assisted by a grant
763,parental_arrest_flag,transcript,parental_arrest_keyword,ddr-one-7-56-5,Father's arrest by the FBI following the bombing of Pearl Harbor<p>This material is based upon work assisted by a gr
765,loyalty_conflict_flag,transcript,loyalty_conflict_keyword,ddr-one-7-58-12,"Remembering the transition in camp after the so-called ""loyalty questionnaire""<p>This material is based upon work assisted by a grant from the Department of the Interi"
768,loyalty_conflict_flag,transcript,loyalty_conflict_keyword,ddr-one-7-61-13,"Transferring to Minidoka after the so-called ""loyalty questionnaire""<p>This material is based upon work assisted by a grant from the Department of the Interi"
769,family_separation_flag,registry,family_dispersion_across_camps,2-poston_onishi_1926_ken,"manzanar,poston"
775,parental_arrest_flag,transcript,parental_arrest_keyword,ddr-manz-1-143-9::narrator_775,Father's arrest by the FBI
776,parental_arrest_flag,transcript,parental_arrest_keyword,ddr-manz-1-143-9::narrator_776,Father's arrest by the FBI
778,family_separation_flag,registry,family_dispersion_across_camps,8-minidoka_maeda_1919_molly,"minidoka,tule_lake"
782,parental_arrest_flag,transcript,parental_arrest_keyword,ddr-one-7-66-9,Remembering father's arrest by the FBI<p>This material is based upon work assisted by a grant from the Department of the Interio
787,loyalty_conflict_flag,transcript,loyalty_conflict_keyword,ddr-one-7-69-8,"Transferring to Minidoka after the so-called ""loyalty questionnaire""<p>This material is based upon work assisted by a grant from the Department of the Interi"
790,loyalty_conflict_flag,transcript,loyalty_conflict_keyword,ddr-one-7-72-10,"Memories of the so-called ""loyalty questionnaire""<p>This material is based upon work assisted by a grant from the Department of the Interi"
794,loyalty_conflict_flag,transcript,loyalty_conflict_keyword,ddr-densho-1000-424-6,"The so-called ""loyalty questionnaire"": block manager father jailed"
794,parental_arrest_flag,transcript,parental_arrest_keyword,ddr-densho-1000-424-2,Fears of an FBI raid on father's second office
8,loyalty_conflict_flag,transcript,loyalty_conflict_keyword,ddr-manz-1-2-13,"Problems arising from the so-called ""loyalty questionnaire"""
802,parental_arrest_flag,transcript,parental_arrest_keyword,ddr-densho-1011-6-2,Father and other Issei arrested by the FBI after the bombing of Pearl Harbor<p>This material is based upon work assisted by a grant
806,parental_arrest_flag,transcript,parental_arrest_keyword,ddr-manz-1-145-12,Father's arrest by the FBI
807,family_separation_flag,transcript,family_separation_keyword,ddr-manz-1-147-7,Life in Southern California after parents' separation
808,parental_arrest_flag,transcript,parental_arrest_keyword,ddr-manz-1-148-17,Witnessing father's pick-up by the FBI
81,parental_arrest_flag,transcript,parental_arrest_keyword,ddr-densho-1000-79-10,Father's arrest by the FBI following Pearl Harbor
810,parental_arrest_flag,transcript,parental_arrest_keyword,ddr-manz-1-150-8,Father's arrest by the FBI
811,loyalty_conflict_flag,transcript,loyalty_conflict_keyword,ddr-manz-1-151-15,"Moving to a different block after the so-called ""loyalty questionnaire"""
812,loyalty_conflict_flag,transcript,loyalty_conflict_keyword,ddr-manz-1-152-17,"Thoughts on block leaders and the so-called ""loyalty questionnaire"""
816,loyalty_conflict_flag,transcript,loyalty_conflict_keyword,ddr-manz-1-156-17,"Remembering the so-called ""loyalty questionnaire"""
818,loyalty_conflict_flag,transcript,loyalty_conflict_keyword,ddr-manz-1-158-22,"Memories of the so-called ""loyalty questionnaire"" in camp"
819,loyalty_conflict_flag,transcript,loyalty_conflict_keyword,ddr-manz-1-159-15,"Talking with family about the so-called ""loyalty questionnaire"""
819,parental_arrest_flag,transcript,parental_arrest_keyword,ddr-manz-1-159-8,Witnessing father's arrest by the FBI
82,loyalty_conflict_flag,transcript,loyalty_conflict_keyword,ddr-densho-1002-2-10,Frustration with the registration questions involving renouncing allegiance to Japan<p>This interview was conducted by sisters Emiko and Chizuko Omori for
820,loyalty_conflict_flag,transcript,loyalty_conflict_keyword,ddr-manz-1-160-10,"Friends move to Tule Lake as a result of the so-called ""loyalty questionnaire"""
821,loyalty_conflict_flag,transcript,loyalty_conflict_keyword,ddr-manz-1-161-10,"Impact of the so-called ""loyalty questionnaire"" on family"
822,loyalty_conflict_flag,transcript,loyalty_conflict_keyword,ddr-manz-1-162-10,"Remembering the so-called ""loyalty questionnaire"""
822,parental_arrest_flag,transcript,parental_arrest_keyword,ddr-manz-1-162-4,Coping with father's arrest by the FBI
824,loyalty_conflict_flag,transcript,loyalty_conflict_keyword,ddr-densho-1000-428-9,"Answering ""yes-yes"" on the so-called ""loyalty questionnaire but deciding to resist the draft<p>This interview is incomplete. It ends after the first"
829,loyalty_conflict_flag,transcript,loyalty_conflict_keyword,ddr-densho-1000-429-11,"The conflict over the so-called ""loyalty questionnaire"""
838,parental_arrest_flag,transcript,parental_arrest_keyword,ddr-densho-1007-8-10::narrator_838,Father's arrest by the FBI after the bombing of Pearl Harbor<p>This material is based upon work assisted by a grant
839,parental_arrest_flag,transcript,parental_arrest_keyword,ddr-densho-1007-8-10::narrator_839,Father's arrest by the FBI after the bombing of Pearl Harbor<p>This material is based upon work assisted by a grant
84,family_separation_flag,transcript,family_separation_keyword,ddr-densho-1000-81-24,"Deciding to renounce U.S. citizenship, separating the family"
84,loyalty_conflict_flag,transcript,loyalty_conflict_keyword,ddr-densho-1000-81-19,"Answering the so-called ""loyalty questions,"" being classified as a ""no-no"""
84,parental_arrest_flag,transcript,parental_arrest_keyword,ddr-densho-1000-81-5,"Father's pick-up and detention by the FBI, and the family's decision to be incarcerated together"
847,family_separation_flag,registry,family_dispersion_across_camps,6-jerome_yamane_1922_tokio,"gila_river,jerome"
847,loyalty_conflict_flag,transcript,loyalty_conflict_keyword,ddr-densho-1000-432-24,"Answering the so-called ""loyalty questionnaire"" (Japanese language)<p>This interview was conducted in Japanese. The transcript is a tran"
849,parental_arrest_flag,transcript,parental_arrest_keyword,ddr-manz-1-165-5,Father's arrest by the FBI
85,parental_arrest_flag,transcript,parental_arrest_keyword,ddr-densho-1000-82-4,"Father's pick-up by the FBI: the possibility that he was turned in by Japanese ""stool pigeons""<p>Due to technical dif"
850,loyalty_conflict_flag,transcript,loyalty_conflict_keyword,ddr-manz-1-166-5,"Father's answering ""no-no"" on the so-called ""loyalty questionnaire"""
851,family_separation_flag,transcript,family_separation_keyword,ddr-manz-1-167-11,"Parents' separation after answering the so-called ""loyalty questionnaire"""
851,loyalty_conflict_flag,transcript,loyalty_conflict_keyword,ddr-manz-1-167-11,"Parents' separation after answering the so-called ""loyalty questionnaire"""
854,loyalty_conflict_flag,transcript,loyalty_conflict_keyword,ddr-manz-1-170-11,"Parents' decision to answer ""no-no"" on the so-called ""loyalty questionnaire"" and being sent to Tule Lake"
855,family_separation_flag,registry,family_dispersion_across_camps,7-manzanar_young_1923_john,"manzanar,topaz"
855,loyalty_conflict_flag,transcript,loyalty_conflict_keyword,ddr-manz-1-171-16,"The so-called ""loyalty questionnaire"""
857,loyalty_conflict_flag,transcript,loyalty_conflict_keyword,ddr-manz-1-173-22::narrator_857,"Mother's anger about the so-called ""loyalty questionnaire"""
858,loyalty_conflict_flag,transcript,loyalty_conflict_keyword,ddr-manz-1-173-22::narrator_858,"Mother's anger about the so-called ""loyalty questionnaire"""
859,loyalty_conflict_flag,transcript,loyalty_conflict_keyword,ddr-manz-1-174-15,"Hearing about the so-called ""loyalty questionnaire"""
860,loyalty_conflict_flag,transcript,loyalty_conflict_keyword,ddr-manz-1-175-19,"Remembering tensions and conflict over the so-called ""loyalty questionnaire"""
88,parental_arrest_flag,transcript,parental_arrest_keyword,ddr-densho-1000-88-12,Speculating on reasons for father's arrest following Pearl Harbor
89,parental_arrest_flag,transcript,parental_arrest_keyword,ddr-densho-1000-89-12,"Father's arrest by the FBI, memories of a strong mother"
90,parental_arrest_flag,transcript,parental_arrest_keyword,ddr-densho-1000-85-20,"A ""free speech"" story from Tule Lake: MPs arrest father"
902,loyalty_conflict_flag,transcript,loyalty_conflict_keyword,ddr-densho-1000-454-7,"The controversy over the so-called ""loyalty questionnaire"""
903,parental_arrest_flag,transcript,parental_arrest_keyword,ddr-densho-1000-455-4,"Father's arrest by the FBI, preparing to leave Terminal Island"
906,family_separation_flag,transcript,family_separation_keyword,ddr-densho-1000-458-13,Family members split up and leave camp at different times
907,parental_arrest_flag,transcript,parental_arrest_keyword,ddr-densho-1000-459-4,"Memories of father being picked up by the FBI after the bombing of Pearl Harbor, visiting him at the Tuna Canyon Detention Station"
912,loyalty_conflict_flag,transcript,loyalty_conflict_keyword,ddr-densho-1000-465-14,"The so-called ""loyalty questionnaire"" and military volunteers"
912,parental_arrest_flag,transcript,parental_arrest_keyword,ddr-densho-1000-465-8,Hearing of families where the father was arrested by the FBI
914,loyalty_conflict_flag,transcript,loyalty_conflict_keyword,ddr-densho-1000-467-7,"The controversy over the so-called ""loyalty questionnaire"""
920,loyalty_conflict_flag,transcript,loyalty_conflict_keyword,ddr-densho-1000-474-2,"During World War II, parents answered ""no-no"" on the so-called ""loyalty questionnaire"""
921,parental_arrest_flag,transcript,parental_arrest_keyword,ddr-densho-1000-475-4,Father's arrest by the FBI after the bombing of Pearl Harbor
923,parental_arrest_flag,transcript,parental_arrest_keyword,ddr-densho-1000-477-6,Father's arrest by the FBI after the bombing of Pearl Harbor
927,parental_arrest_flag,transcript,parental_arrest_keyword,ddr-densho-1000-480-6,Father and older brother's arrest by the FBI during World War II
93,parental_arrest_flag,transcript,parental_arrest_keyword,ddr-densho-1000-93-3,"Father's arrest by FBI<p>This interview was conducted at the Voices of Japanese American Redress Conference, hel"
930,loyalty_conflict_flag,transcript,loyalty_conflict_keyword,ddr-densho-1000-483-9,"Family's decisions regarding answering the so-called ""loyalty questionnaire"""
94,family_separation_flag,transcript,family_separation_keyword,ddr-densho-1000-94-6,Feeling homesick when separated from mother
941,parental_arrest_flag,transcript,parental_arrest_keyword,ddr-chi-1-11-3,"Hearing about the bombing of Pearl Harbor, father's arrest by the FBI"
950,parental_arrest_flag,transcript,parental_arrest_keyword,ddr-chi-1-6-3,Father's arrest by the FBI on December 7th
975,parental_arrest_flag,transcript,parental_arrest_keyword,ddr-densho-1022-3-19,Hearing about father's arrest by the FBI
977,family_separation_flag,transcript,family_separation_keyword,ddr-ajah-1-2-4,Family split up after the bombing of Pearl Harbor; memories of the Tanforan Assembly Center
983,loyalty_conflict_flag,transcript,loyalty_conflict_keyword,ddr-densho-1000-494-13::narrator_983,"Transferring to Topaz after the controversy around the so-called ""loyalty questionnaire"""
984,loyalty_conflict_flag,transcript,loyalty_conflict_keyword,ddr-densho-1000-494-13::narrator_984,"Transferring to Topaz after the controversy around the so-called ""loyalty questionnaire"""
99,family_separation_flag,transcript,family_separation_keyword,ddr-densho-1000-98-4,"A family separated, mother and brothers leave for Japan, and a half sister arrives"
996,parental_arrest_flag,transcript,parental_arrest_keyword,ddr-densho-1000-504-11,Monitoring of father by the FBI following the bombing of Pearl Harbor
998,loyalty_conflict_flag,transcript,loyalty_conflict_keyword,ddr-densho-1000-506-12,"Hearing about the conflict over the so-called ""loyalty questionnaire"""
